bmi,calories,experience,gender,age,workout_type,session_duration
30.2,1313.0,Advanced,Male,56,Yoga,1.69
32.0,883.0,Intermediate,Female,46,HIIT,1.3
24.71,677.0,Intermediate,Female,32,Cardio,1.11
18.41,532.0,Beginner,Male,25,Strength,0.59
14.39,556.0,Beginner,Male,38,Strength,0.64
20.55,1116.0,Advanced,Female,56,HIIT,1.59
23.76,1385.0,Intermediate,Male,36,Cardio,1.49
30.57,895.0,Intermediate,Female,40,Cardio,1.27
32.34,719.0,Intermediate,Male,28,Strength,1.03
30.07,808.0,Beginner,Male,28,Cardio,1.08
43.31,593.0,Beginner,Male,41,HIIT,0.82
17.89,865.0,Intermediate,Male,53,HIIT,1.15
43.4,1013.0,Intermediate,Male,57,Cardio,1.24
23.62,794.0,Beginner,Male,41,HIIT,1.18
35.93,1195.0,Intermediate,Male,20,Yoga,1.35
13.88,740.0,Beginner,Female,39,Strength,1.13
27.34,1111.0,Intermediate,Female,19,HIIT,1.33
13.98,884.0,Beginner,Female,41,Cardio,1.19
21.81,742.0,Intermediate,Female,47,Strength,1.13
26.96,1030.0,Beginner,Female,55,HIIT,1.37
28.41,1048.0,Intermediate,Male,19,Strength,1.5
22.95,875.0,Beginner,Male,38,Cardio,1.12
25.16,848.0,Beginner,Female,50,Yoga,1.17
38.16,721.0,Beginner,Male,29,Yoga,0.78
22.51,925.0,Intermediate,Female,39,HIIT,1.25
21.78,1080.0,Intermediate,Female,42,Yoga,1.42
20.12,502.0,Beginner,Male,44,HIIT,0.73
17.6,989.0,Intermediate,Male,59,Strength,1.48
24.54,1104.0,Advanced,Male,45,HIIT,1.64
27.64,871.0,Intermediate,Female,33,HIIT,1.29
33.4,964.0,Beginner,Male,32,HIIT,1.27
28.31,654.0,Intermediate,Female,20,Yoga,1.03
19.37,1046.0,Beginner,Female,54,HIIT,1.48
25.83,816.0,Beginner,Female,24,Cardio,1.04
27.84,1237.0,Advanced,Male,38,HIIT,1.52
42.63,1162.0,Beginner,Male,26,Strength,1.32
24.37,879.0,Intermediate,Female,56,Cardio,1.26
33.14,1069.0,Intermediate,Male,35,Strength,1.34
19.11,1072.0,Intermediate,Male,21,Strength,1.3
17.77,1057.0,Intermediate,Male,42,Strength,1.31
21.4,969.0,Beginner,Female,31,Cardio,1.48
17.3,734.0,Beginner,Female,26,Cardio,1.08
33.8,962.0,Intermediate,Male,43,Yoga,1.45
23.93,730.0,Beginner,Female,19,Cardio,1.14
40.1,1304.0,Beginner,Male,37,HIIT,1.5
15.31,956.0,Beginner,Male,45,Strength,1.2
18.07,772.0,Beginner,Male,24,Yoga,0.84
23.17,1016.0,Beginner,Male,25,Cardio,1.41
20.42,836.0,Beginner,Female,52,Strength,1.23
33.61,742.0,Intermediate,Female,31,Cardio,1.03
19.43,1122.0,Intermediate,Female,34,Yoga,1.42
27.18,1133.0,Advanced,Male,53,Cardio,1.67
34.18,750.0,Beginner,Male,57,Cardio,1.13
32.69,1046.0,Beginner,Male,21,Strength,1.26
22.78,506.0,Beginner,Female,19,HIIT,0.81
44.84,1318.0,Intermediate,Male,23,Cardio,1.47
28.35,1021.0,Intermediate,Female,59,Yoga,1.4
21.77,832.0,Beginner,Female,21,Cardio,1.08
20.86,1150.0,Advanced,Female,46,Cardio,1.67
16.99,440.0,Beginner,Female,35,HIIT,0.56
22.45,580.0,Intermediate,Female,43,Strength,1.04
16.86,666.0,Intermediate,Female,51,Yoga,1.08
32.93,1299.0,Advanced,Male,27,Strength,1.75
17.11,773.0,Intermediate,Male,53,Strength,1.23
22.28,1418.0,Advanced,Female,31,Strength,1.97
25.89,421.0,Beginner,Female,48,Cardio,0.62
33.55,1587.0,Advanced,Male,32,HIIT,1.99
20.88,627.0,Beginner,Female,25,Cardio,0.89
19.72,1358.0,Advanced,Female,31,Yoga,1.81
39.12,1176.0,Intermediate,Male,40,HIIT,1.32
27.7,1004.0,Advanced,Female,57,Strength,1.73
25.89,963.0,Intermediate,Female,38,HIIT,1.47
15.24,786.0,Intermediate,Female,33,Yoga,1.07
21.88,743.0,Intermediate,Male,35,Cardio,1.08
35.86,777.0,Intermediate,Male,41,Cardio,1.13
16.76,663.0,Beginner,Male,43,Strength,1.08
18.15,875.0,Beginner,Female,42,Cardio,1.37
21.58,363.0,Beginner,Female,58,Cardio,0.63
33.16,864.0,Beginner,Male,46,Yoga,1.18
24.72,1262.0,Advanced,Female,32,HIIT,1.87
17.27,990.0,Beginner,Female,18,Cardio,1.2
19.65,1129.0,Advanced,Female,42,Yoga,1.78
23.53,546.0,Beginner,Female,24,Yoga,0.86
28.87,751.0,Beginner,Female,26,Strength,1.08
21.53,744.0,Intermediate,Male,41,Yoga,1.13
19.42,1003.0,Intermediate,Female,18,Strength,1.27
29.71,1150.0,Intermediate,Male,25,Cardio,1.34
22.89,1103.0,Intermediate,Female,41,Strength,1.45
29.61,917.0,Intermediate,Male,28,Yoga,1.09
29.53,416.0,Beginner,Female,34,HIIT,0.64
31.44,1688.0,Advanced,Male,25,HIIT,1.93
21.53,1231.0,Advanced,Female,52,Cardio,1.8
27.85,936.0,Intermediate,Male,52,Cardio,1.26
22.31,924.0,Beginner,Female,50,HIIT,1.26
30.3,1052.0,Intermediate,Male,22,Strength,1.25
22.15,441.0,Beginner,Female,59,Cardio,0.58
40.71,805.0,Beginner,Male,56,Yoga,1.29
37.56,1106.0,Beginner,Male,58,Cardio,1.33
26.05,735.0,Intermediate,Female,45,Strength,1.15
18.76,1625.0,Advanced,Female,24,Cardio,1.97
29.61,804.0,Intermediate,Male,26,Yoga,1.16
15.7,1073.0,Intermediate,Female,25,Yoga,1.49
22.61,805.0,Intermediate,Male,29,Yoga,1.2
34.5,420.0,Beginner,Male,51,Strength,0.54
18.12,667.0,Beginner,Male,50,Strength,0.97
17.54,1369.0,Advanced,Female,40,Yoga,1.79
18.66,424.0,Beginner,Male,41,Yoga,0.51
23.09,1404.0,Advanced,Male,54,Strength,1.74
31.41,1020.0,Intermediate,Female,52,Strength,1.39
29.87,677.0,Intermediate,Female,57,Strength,1.01
21.64,979.0,Intermediate,Female,39,HIIT,1.44
25.68,819.0,Intermediate,Female,44,Strength,1.41
25.81,1357.0,Advanced,Male,52,Yoga,1.78
23.52,1315.0,Advanced,Male,18,HIIT,1.72
27.85,685.0,Intermediate,Male,52,Strength,1.01
23.74,446.0,Beginner,Male,54,Yoga,0.55
16.52,888.0,Intermediate,Female,31,Cardio,1.09
20.88,1357.0,Advanced,Male,20,HIIT,1.69
30.52,1303.0,Beginner,Male,18,Yoga,1.41
26.65,790.0,Intermediate,Female,22,Cardio,1.02
24.16,858.0,Intermediate,Male,43,Yoga,1.22
27.96,1071.0,Intermediate,Male,31,Strength,1.29
34.06,639.0,Beginner,Male,56,Strength,1.0
29.26,824.0,Intermediate,Male,44,Cardio,1.28
30.54,1701.0,Advanced,Male,26,Strength,1.97
29.95,880.0,Beginner,Male,32,Yoga,1.28
21.41,408.0,Beginner,Female,32,Cardio,0.51
17.88,1479.0,Advanced,Female,43,Yoga,1.98
34.24,500.0,Beginner,Male,59,Yoga,0.66
22.43,1373.0,Advanced,Male,30,Yoga,1.61
14.93,870.0,Intermediate,Female,49,Strength,1.24
15.08,458.0,Beginner,Male,56,Strength,0.68
21.78,1503.0,Advanced,Male,49,Yoga,1.91
45.43,1207.0,Intermediate,Male,21,HIIT,1.38
18.26,837.0,Intermediate,Female,47,Yoga,1.42
22.64,811.0,Beginner,Male,54,Yoga,1.17
24.5,1041.0,Intermediate,Female,40,Cardio,1.31
24.55,451.0,Beginner,Male,56,Yoga,0.66
26.86,756.0,Beginner,Female,32,Strength,1.24
22.08,1042.0,Advanced,Female,46,Cardio,1.69
24.75,608.0,Beginner,Male,53,HIIT,0.89
30.18,1046.0,Intermediate,Female,30,Cardio,1.26
31.61,854.0,Beginner,Male,49,HIIT,1.38
19.63,958.0,Intermediate,Female,24,Cardio,1.42
23.05,678.0,Beginner,Male,39,Cardio,0.97
27.93,1265.0,Advanced,Male,45,HIIT,1.53
23.59,877.0,Intermediate,Female,19,Strength,1.28
13.23,885.0,Beginner,Male,59,Strength,1.07
25.65,624.0,Beginner,Male,23,Strength,0.7
20.55,1038.0,Beginner,Female,45,Cardio,1.46
14.54,1214.0,Intermediate,Male,45,Yoga,1.46
28.97,499.0,Beginner,Male,37,Cardio,0.54
26.1,1150.0,Advanced,Female,47,Yoga,1.95
20.06,1082.0,Intermediate,Female,28,Yoga,1.32
38.78,530.0,Beginner,Male,45,Strength,0.83
16.04,886.0,Intermediate,Male,42,Yoga,1.42
12.47,913.0,Intermediate,Female,56,Cardio,1.23
21.91,362.0,Beginner,Female,50,Cardio,0.67
27.01,1201.0,Beginner,Male,18,Strength,1.3
22.69,711.0,Beginner,Female,44,HIIT,1.02
39.16,832.0,Intermediate,Male,30,Cardio,1.08
29.88,1151.0,Intermediate,Male,58,Yoga,1.49
27.69,1070.0,Intermediate,Male,20,Cardio,1.36
25.86,1119.0,Advanced,Male,56,Cardio,1.57
24.97,1074.0,Advanced,Male,23,Cardio,1.55
16.42,837.0,Intermediate,Female,25,HIIT,1.04
25.58,967.0,Advanced,Female,44,Yoga,1.58
23.07,844.0,Beginner,Female,26,Strength,1.14
22.82,852.0,Beginner,Female,54,Cardio,1.27
13.03,574.0,Beginner,Male,50,Yoga,0.92
30.22,813.0,Beginner,Male,59,Yoga,1.08
15.9,680.0,Intermediate,Male,41,Strength,1.09
24.87,1195.0,Advanced,Male,32,Cardio,1.52
18.18,644.0,Beginner,Female,49,HIIT,1.1
26.77,925.0,Beginner,Male,49,Yoga,1.46
22.16,778.0,Intermediate,Male,41,Strength,1.2
19.88,1095.0,Advanced,Female,58,HIIT,1.58
17.94,418.0,Beginner,Female,29,Yoga,0.68
19.67,767.0,Intermediate,Female,56,Cardio,1.1
17.16,772.0,Beginner,Female,19,Yoga,1.05
37.87,603.0,Beginner,Male,20,HIIT,0.83
24.16,1082.0,Advanced,Male,54,HIIT,1.54
17.94,1249.0,Advanced,Female,34,Cardio,1.81
27.71,1133.0,Beginner,Male,19,Cardio,1.28
25.1,1424.0,Advanced,Male,19,Strength,1.66
14.61,1126.0,Intermediate,Male,45,Cardio,1.44
19.63,1337.0,Advanced,Female,40,Strength,1.87
31.17,802.0,Intermediate,Male,54,HIIT,1.2
22.54,937.0,Intermediate,Female,49,HIIT,1.37
15.65,707.0,Intermediate,Male,50,Yoga,1.09
21.02,926.0,Intermediate,Male,18,Yoga,1.1
25.42,852.0,Beginner,Male,36,Strength,1.23
28.22,800.0,Beginner,Female,19,Cardio,1.23
36.29,988.0,Beginner,Male,43,Cardio,1.33
14.69,686.0,Intermediate,Female,49,Yoga,1.03
16.78,370.0,Beginner,Female,23,HIIT,0.56
29.56,979.0,Intermediate,Female,49,Strength,1.45
34.53,1138.0,Advanced,Male,21,HIIT,1.71
18.28,1025.0,Beginner,Male,28,HIIT,1.18
26.73,929.0,Intermediate,Male,34,Cardio,1.26
25.85,663.0,Intermediate,Male,55,Strength,1.03
25.08,1267.0,Advanced,Female,41,HIIT,1.84
22.85,1177.0,Beginner,Female,22,Yoga,1.49
18.32,598.0,Intermediate,Female,51,Yoga,1.08
21.16,1280.0,Advanced,Male,23,Cardio,1.79
19.12,1443.0,Advanced,Female,39,Yoga,1.95
28.09,799.0,Intermediate,Male,28,Yoga,1.2
22.33,796.0,Intermediate,Female,33,HIIT,1.18
16.28,1071.0,Intermediate,Male,50,Yoga,1.37
24.91,1241.0,Advanced,Male,26,Yoga,1.71
26.26,1147.0,Intermediate,Female,23,HIIT,1.47
26.67,734.0,Beginner,Female,33,Cardio,1.08
24.78,1153.0,Advanced,Female,46,Cardio,1.83
24.96,1043.0,Intermediate,Female,20,Strength,1.28
16.22,842.0,Intermediate,Male,37,Yoga,1.11
28.76,703.0,Beginner,Female,53,HIIT,1.24
21.3,887.0,Intermediate,Female,36,Strength,1.13
18.67,732.0,Beginner,Female,43,Cardio,1.28
29.11,980.0,Intermediate,Male,20,Cardio,1.35
35.18,1021.0,Beginner,Male,36,HIIT,1.19
23.53,732.0,Intermediate,Female,37,Strength,1.21
23.73,1481.0,Advanced,Male,49,Strength,1.87
19.01,410.0,Beginner,Female,24,HIIT,0.63
23.51,1111.0,Advanced,Male,58,HIIT,1.57
32.69,903.0,Intermediate,Male,50,Strength,1.46
23.53,1292.0,Advanced,Male,57,Cardio,1.8
36.02,680.0,Intermediate,Male,56,Yoga,1.09
25.07,790.0,Intermediate,Female,35,Cardio,1.0
28.15,900.0,Intermediate,Female,57,HIIT,1.45
25.28,1169.0,Advanced,Female,18,Strength,1.87
29.07,1034.0,Intermediate,Male,28,Strength,1.16
16.35,959.0,Beginner,Female,45,Yoga,1.44
16.56,940.0,Intermediate,Female,42,Strength,1.29
21.26,1224.0,Advanced,Female,40,Yoga,1.55
28.43,815.0,Intermediate,Male,48,Cardio,1.36
17.75,820.0,Intermediate,Male,47,Cardio,1.2
28.05,688.0,Intermediate,Male,59,Strength,1.13
21.36,900.0,Advanced,Female,52,Strength,1.6
15.02,832.0,Beginner,Female,24,HIIT,0.99
28.49,1006.0,Intermediate,Female,33,HIIT,1.29
34.68,597.0,Beginner,Male,43,Strength,0.82
30.37,1074.0,Beginner,Male,19,Strength,1.31
19.01,699.0,Beginner,Female,18,Cardio,1.11
21.49,993.0,Beginner,Male,29,Strength,1.41
29.98,919.0,Intermediate,Male,22,HIIT,1.16
18.88,579.0,Beginner,Male,54,Cardio,0.77
15.72,832.0,Intermediate,Male,49,Yoga,1.4
25.73,506.0,Beginner,Female,26,HIIT,0.81
24.36,739.0,Beginner,Male,58,HIIT,1.09
15.24,594.0,Beginner,Male,52,Cardio,0.93
25.23,1075.0,Beginner,Male,36,Yoga,1.33
45.14,744.0,Intermediate,Male,33,HIIT,1.04
25.36,1056.0,Intermediate,Female,20,Strength,1.39
26.47,666.0,Intermediate,Female,37,HIIT,1.11
26.64,660.0,Intermediate,Male,41,Cardio,1.01
17.72,1012.0,Beginner,Male,50,Cardio,1.31
25.75,1163.0,Advanced,Male,41,Cardio,1.69
33.86,878.0,Intermediate,Male,28,HIIT,1.33
12.73,772.0,Intermediate,Male,25,Yoga,1.15
34.29,353.0,Beginner,Male,53,Strength,0.52
28.92,763.0,Beginner,Female,55,Cardio,1.06
47.72,632.0,Beginner,Male,57,Yoga,0.96
22.15,982.0,Beginner,Female,37,Strength,1.31
20.16,880.0,Intermediate,Female,52,Cardio,1.34
26.84,680.0,Intermediate,Male,42,Strength,1.01
26.61,1010.0,Intermediate,Female,52,Strength,1.36
25.35,713.0,Intermediate,Female,42,Yoga,1.07
20.38,1060.0,Advanced,Female,46,Strength,1.52
19.69,803.0,Intermediate,Female,35,Cardio,1.03
25.39,1182.0,Advanced,Female,35,Yoga,1.63
18.77,952.0,Beginner,Female,19,HIIT,1.4
40.09,949.0,Beginner,Male,52,HIIT,1.36
20.4,662.0,Beginner,Female,33,Yoga,0.92
24.54,610.0,Intermediate,Female,58,HIIT,1.12
17.57,964.0,Advanced,Female,53,Strength,1.52
31.14,497.0,Beginner,Male,50,Cardio,0.81
20.76,1212.0,Advanced,Female,21,Strength,1.97
17.61,1136.0,Beginner,Male,50,Yoga,1.48
23.46,962.0,Advanced,Female,31,Cardio,1.54
29.21,616.0,Beginner,Male,38,Yoga,0.8
17.46,1009.0,Beginner,Male,37,Yoga,1.39
23.75,1053.0,Intermediate,Female,25,Yoga,1.35
13.71,598.0,Beginner,Female,24,Strength,0.83
34.83,502.0,Beginner,Male,20,Cardio,0.63
30.1,1161.0,Beginner,Female,34,Cardio,1.47
31.75,1232.0,Advanced,Male,50,Cardio,1.79
31.48,1137.0,Intermediate,Male,29,Strength,1.36
26.64,593.0,Beginner,Male,39,HIIT,0.81
32.32,938.0,Intermediate,Male,39,Strength,1.1
24.25,922.0,Intermediate,Male,47,Strength,1.37
15.02,567.0,Beginner,Female,55,Yoga,0.9
45.49,923.0,Intermediate,Male,55,Cardio,1.13
29.26,1054.0,Beginner,Male,25,Cardio,1.42
24.25,1047.0,Beginner,Female,44,HIIT,1.41
22.55,936.0,Intermediate,Male,44,HIIT,1.4
29.26,876.0,Beginner,Female,51,Yoga,1.4
19.98,792.0,Intermediate,Female,38,Cardio,1.07
17.47,979.0,Intermediate,Female,47,HIIT,1.48
36.47,333.0,Beginner,Male,50,HIIT,0.53
25.49,729.0,Intermediate,Male,45,Cardio,1.03
34.14,465.0,Beginner,Male,50,Strength,0.77
21.26,1166.0,Advanced,Female,22,HIIT,1.62
43.31,987.0,Intermediate,Male,36,Cardio,1.3
24.87,1474.0,Advanced,Female,21,HIIT,1.94
19.21,874.0,Intermediate,Male,52,Yoga,1.46
29.56,911.0,Beginner,Female,34,HIIT,1.36
31.4,796.0,Intermediate,Male,45,Cardio,1.14
24.51,1181.0,Advanced,Male,47,HIIT,1.85
18.62,970.0,Intermediate,Male,46,Yoga,1.43
18.62,1177.0,Advanced,Female,23,Yoga,1.67
28.46,1359.0,Advanced,Female,52,HIIT,1.83
35.82,840.0,Beginner,Male,58,HIIT,1.01
21.72,585.0,Beginner,Male,54,Yoga,0.81
23.94,832.0,Intermediate,Female,41,Yoga,1.4
24.34,684.0,Intermediate,Female,46,Strength,1.0
25.2,1105.0,Advanced,Female,48,Strength,1.98
28.27,1321.0,Advanced,Male,52,Yoga,1.84
26.9,742.0,Beginner,Female,50,HIIT,1.25
15.8,1100.0,Beginner,Male,38,Cardio,1.37
16.2,694.0,Intermediate,Female,49,HIIT,1.16
24.31,1022.0,Beginner,Male,40,HIIT,1.3
23.06,1016.0,Advanced,Female,50,Strength,1.85
29.92,863.0,Intermediate,Female,20,Strength,1.04
27.97,949.0,Intermediate,Female,35,Strength,1.13
20.62,764.0,Beginner,Female,42,Yoga,1.14
20.28,714.0,Intermediate,Female,59,Yoga,1.03
22.79,1223.0,Intermediate,Male,48,HIIT,1.48
23.92,944.0,Intermediate,Female,20,HIIT,1.42
28.49,407.0,Beginner,Female,57,Cardio,0.69
26.47,939.0,Intermediate,Female,41,HIIT,1.42
30.12,1468.0,Advanced,Male,49,HIIT,1.82
26.13,903.0,Beginner,Female,39,Strength,1.22
19.45,722.0,Beginner,Male,40,Strength,0.81
20.91,653.0,Beginner,Female,19,Strength,0.96
13.51,1066.0,Intermediate,Female,44,Strength,1.49
28.44,1123.0,Intermediate,Male,59,Strength,1.35
23.64,840.0,Intermediate,Female,19,Cardio,1.2
20.71,822.0,Beginner,Male,43,Cardio,1.17
31.94,1086.0,Beginner,Male,34,Cardio,1.42
14.88,842.0,Intermediate,Female,57,Strength,1.44
31.05,810.0,Intermediate,Male,50,Yoga,1.07
26.01,1096.0,Advanced,Female,26,Strength,1.7
15.07,482.0,Beginner,Female,56,Strength,0.83
14.36,1187.0,Intermediate,Male,46,Cardio,1.48
34.06,885.0,Intermediate,Male,59,Strength,1.43
44.71,875.0,Intermediate,Male,43,Cardio,1.14
23.97,927.0,Intermediate,Male,52,Strength,1.31
21.87,678.0,Intermediate,Female,42,HIIT,1.15
19.44,1451.0,Advanced,Female,41,Yoga,1.99
18.33,500.0,Beginner,Male,30,Yoga,0.64
22.76,1029.0,Beginner,Female,24,Cardio,1.41
22.51,1100.0,Intermediate,Female,53,HIIT,1.49
18.13,881.0,Intermediate,Female,37,Yoga,1.13
30.26,525.0,Beginner,Female,18,Cardio,0.84
19.91,442.0,Beginner,Male,25,Strength,0.67
28.69,949.0,Beginner,Male,33,Strength,1.38
23.81,1318.0,Advanced,Female,31,HIIT,1.56
27.52,496.0,Beginner,Male,29,Yoga,0.64
15.61,792.0,Beginner,Male,40,Strength,0.9
37.76,448.0,Beginner,Male,32,Cardio,0.57
25.23,888.0,Beginner,Female,45,Strength,1.37
34.25,555.0,Beginner,Female,51,Strength,0.92
17.93,877.0,Intermediate,Female,19,Yoga,1.21
19.65,440.0,Beginner,Male,49,Yoga,0.7
26.74,1380.0,Advanced,Female,40,Cardio,1.93
22.26,768.0,Beginner,Female,39,HIIT,0.92
19.69,886.0,Intermediate,Male,42,HIIT,1.14
21.65,1175.0,Advanced,Female,39,Strength,1.88
25.51,1024.0,Intermediate,Female,39,Cardio,1.33
34.89,1036.0,Intermediate,Male,59,HIIT,1.3
28.43,891.0,Beginner,Male,23,HIIT,1.35
18.53,1289.0,Beginner,Male,32,Strength,1.42
18.67,830.0,Intermediate,Female,54,Cardio,1.19
18.23,943.0,Advanced,Female,50,HIIT,1.6
25.41,1123.0,Intermediate,Female,25,Yoga,1.43
32.24,715.0,Intermediate,Male,22,Yoga,1.0
38.73,817.0,Intermediate,Male,56,Strength,1.26
22.98,1103.0,Intermediate,Female,21,Strength,1.37
24.13,1056.0,Beginner,Female,23,Strength,1.25
29.98,806.0,Intermediate,Male,49,Strength,1.03
34.53,1160.0,Advanced,Male,47,HIIT,1.86
26.46,598.0,Beginner,Male,52,Cardio,0.93
28.78,882.0,Intermediate,Male,57,Strength,1.15
22.27,638.0,Beginner,Female,33,Strength,0.85
23.08,1145.0,Intermediate,Male,30,HIIT,1.37
15.46,725.0,Beginner,Female,59,Strength,1.22
22.18,845.0,Intermediate,Female,47,Strength,1.37
15.59,1200.0,Intermediate,Female,36,Cardio,1.5
29.7,574.0,Beginner,Male,34,Yoga,0.73
14.78,767.0,Intermediate,Male,36,Strength,1.09
19.74,973.0,Intermediate,Male,45,HIIT,1.31
21.8,1505.0,Advanced,Male,43,Cardio,1.9
22.1,720.0,Beginner,Female,54,HIIT,1.24
19.37,707.0,Beginner,Male,43,Cardio,1.18
25.13,1192.0,Beginner,Male,40,Cardio,1.38
28.49,1293.0,Advanced,Female,26,Strength,1.93
33.04,1020.0,Advanced,Male,29,Strength,1.52
24.52,996.0,Intermediate,Female,18,Strength,1.23
22.41,1425.0,Advanced,Female,18,Yoga,1.9
25.35,838.0,Intermediate,Female,51,Yoga,1.49
26.41,626.0,Intermediate,Female,49,HIIT,1.14
14.1,608.0,Beginner,Female,42,Strength,1.04
19.35,724.0,Intermediate,Female,57,Yoga,1.2
26.33,492.0,Beginner,Female,18,Strength,0.6
21.45,1301.0,Advanced,Female,33,Yoga,1.77
36.22,639.0,Intermediate,Male,56,Yoga,1.0
29.83,1278.0,Intermediate,Male,22,Cardio,1.48
19.76,1205.0,Beginner,Male,39,Strength,1.32
40.45,1171.0,Beginner,Male,46,Strength,1.4
20.47,422.0,Beginner,Female,20,Yoga,0.5
20.63,1005.0,Beginner,Male,29,Strength,1.45
15.5,440.0,Beginner,Female,43,Yoga,0.73
20.66,1198.0,Advanced,Male,33,Strength,1.59
17.63,868.0,Intermediate,Male,54,Cardio,1.28
30.47,634.0,Beginner,Male,39,Strength,0.72
22.23,566.0,Beginner,Female,46,Cardio,0.88
26.95,992.0,Intermediate,Male,31,HIIT,1.49
17.92,894.0,Intermediate,Female,45,Strength,1.25
20.05,883.0,Intermediate,Female,22,Strength,1.27
21.87,1500.0,Advanced,Male,47,Strength,1.98
36.25,1203.0,Intermediate,Male,22,Cardio,1.35
20.61,1316.0,Advanced,Male,29,Strength,1.65
24.78,1159.0,Advanced,Female,33,Strength,1.84
28.02,995.0,Beginner,Male,43,Yoga,1.28
24.64,1247.0,Advanced,Female,43,HIIT,1.86
12.67,499.0,Beginner,Female,38,Cardio,0.62
23.59,927.0,Advanced,Male,56,Yoga,1.51
31.04,444.0,Beginner,Male,53,Cardio,0.69
23.27,1042.0,Advanced,Female,50,Yoga,1.93
19.69,1060.0,Advanced,Female,47,HIIT,1.54
27.55,940.0,Advanced,Female,54,Yoga,1.74
14.85,1085.0,Intermediate,Male,40,Cardio,1.43
22.44,569.0,Beginner,Female,27,Strength,0.94
18.37,393.0,Beginner,Male,22,Strength,0.51
23.53,663.0,Intermediate,Female,53,HIIT,1.06
25.02,914.0,Beginner,Female,51,Cardio,1.43
32.7,700.0,Intermediate,Male,48,Cardio,1.01
18.1,994.0,Beginner,Female,27,Cardio,1.39
22.32,1218.0,Advanced,Male,36,HIIT,1.8
17.44,739.0,Intermediate,Male,49,Strength,1.14
27.68,1396.0,Advanced,Female,18,Yoga,1.98
14.59,795.0,Beginner,Male,22,HIIT,1.04
22.41,1356.0,Advanced,Male,21,Yoga,1.8
24.13,948.0,Advanced,Female,33,Strength,1.58
21.39,900.0,Intermediate,Male,41,HIIT,1.22
41.6,1170.0,Intermediate,Male,33,Strength,1.4
27.79,952.0,Intermediate,Male,19,Yoga,1.21
26.57,395.0,Beginner,Female,45,Cardio,0.66
39.3,921.0,Intermediate,Male,49,Cardio,1.2
15.5,491.0,Beginner,Female,44,Yoga,0.88
30.89,448.0,Beginner,Female,37,Cardio,0.69
23.14,545.0,Beginner,Male,41,Yoga,0.77
23.53,627.0,Beginner,Male,29,HIIT,0.76
15.88,555.0,Beginner,Male,52,HIIT,0.85
24.55,729.0,Beginner,Female,50,HIIT,1.2
32.63,1203.0,Advanced,Male,50,Cardio,1.7
33.45,882.0,Intermediate,Male,54,Strength,1.35
23.65,1479.0,Advanced,Male,29,Cardio,1.88
37.53,997.0,Intermediate,Male,20,Cardio,1.25
18.12,586.0,Beginner,Male,18,Strength,0.88
23.56,753.0,Intermediate,Female,50,Strength,1.24
26.36,926.0,Intermediate,Female,57,Strength,1.31
19.71,1025.0,Beginner,Male,27,Strength,1.13
28.59,873.0,Intermediate,Male,46,Cardio,1.47
22.17,1155.0,Beginner,Male,30,Yoga,1.25
34.63,937.0,Intermediate,Male,29,HIIT,1.31
26.58,1012.0,Intermediate,Female,48,Yoga,1.46
34.12,740.0,Beginner,Male,19,Cardio,0.83
25.67,779.0,Beginner,Female,52,Strength,1.17
20.2,920.0,Intermediate,Female,40,HIIT,1.18
46.9,1055.0,Intermediate,Male,34,HIIT,1.41
28.88,931.0,Beginner,Female,43,Yoga,1.31
26.05,1304.0,Advanced,Female,25,Cardio,1.62
19.1,463.0,Beginner,Female,46,Cardio,0.7
15.5,886.0,Intermediate,Female,43,Cardio,1.33
33.2,1622.0,Advanced,Male,27,HIIT,1.82
35.51,658.0,Beginner,Male,43,Yoga,1.09
26.52,499.0,Beginner,Female,51,HIIT,0.86
21.27,964.0,Beginner,Male,58,HIIT,1.21
18.29,710.0,Beginner,Male,24,Strength,0.97
26.69,699.0,Beginner,Male,21,Yoga,0.97
32.66,959.0,Intermediate,Male,28,Strength,1.05
18.39,725.0,Beginner,Male,46,Cardio,0.91
21.26,898.0,Intermediate,Female,53,HIIT,1.34
26.01,1151.0,Advanced,Male,42,Yoga,1.54
27.61,1379.0,Advanced,Male,38,Cardio,1.66
31.3,1084.0,Intermediate,Male,53,Yoga,1.36
18.35,615.0,Beginner,Male,27,HIIT,0.74
30.51,718.0,Intermediate,Female,54,Yoga,1.1
19.91,642.0,Intermediate,Female,26,Cardio,1.07
25.05,920.0,Intermediate,Female,41,Strength,1.27
16.8,768.0,Beginner,Female,52,HIIT,1.41
26.39,1144.0,Advanced,Male,52,Strength,1.7
15.43,711.0,Intermediate,Female,53,HIIT,1.06
27.23,730.0,Beginner,Male,35,Cardio,0.84
32.69,412.0,Beginner,Male,56,HIIT,0.66
24.31,932.0,Intermediate,Male,49,Strength,1.29
23.33,1185.0,Advanced,Male,41,HIIT,1.87
17.03,946.0,Intermediate,Male,40,Cardio,1.22
20.75,881.0,Intermediate,Female,49,HIIT,1.28
20.71,1025.0,Beginner,Female,54,Strength,1.38
23.22,907.0,Intermediate,Female,29,Cardio,1.08
25.22,780.0,Intermediate,Female,30,Strength,1.3
20.1,612.0,Beginner,Male,40,HIIT,0.87
14.87,382.0,Beginner,Female,42,Yoga,0.61
21.63,1011.0,Intermediate,Male,52,Strength,1.48
17.93,753.0,Beginner,Female,58,HIIT,1.08
26.32,1133.0,Intermediate,Male,47,Yoga,1.44
25.11,731.0,Beginner,Male,34,Yoga,0.81
22.56,597.0,Beginner,Female,37,Cardio,0.97
16.25,868.0,Beginner,Male,42,Yoga,1.37
26.02,1725.0,Advanced,Male,39,Strength,1.96
22.28,1304.0,Advanced,Female,30,Strength,1.85
24.16,1492.0,Advanced,Male,36,Yoga,1.98
28.35,831.0,Intermediate,Female,53,HIIT,1.41
22.86,684.0,Beginner,Female,29,Strength,0.85
26.19,933.0,Intermediate,Female,58,Strength,1.28
33.17,1199.0,Intermediate,Male,36,Cardio,1.38
31.63,1169.0,Advanced,Male,29,HIIT,1.66
26.75,639.0,Beginner,Male,26,Yoga,0.93
27.82,980.0,Intermediate,Female,24,HIIT,1.42
20.38,1066.0,Beginner,Male,45,Cardio,1.29
17.7,913.0,Beginner,Female,31,Cardio,1.1
24.91,777.0,Intermediate,Female,48,HIIT,1.37
42.3,757.0,Intermediate,Male,36,Cardio,1.02
21.16,558.0,Beginner,Female,33,Cardio,0.9
27.84,386.0,Beginner,Male,22,Cardio,0.52
25.98,796.0,Intermediate,Male,52,HIIT,1.34
32.51,1107.0,Intermediate,Male,29,Cardio,1.29
23.73,1314.0,Advanced,Male,42,Yoga,1.68
27.59,1321.0,Advanced,Male,38,Yoga,1.74
17.6,962.0,Intermediate,Female,53,Strength,1.37
23.87,415.0,Beginner,Female,40,Yoga,0.61
23.95,834.0,Intermediate,Female,33,Strength,1.15
31.84,705.0,Intermediate,Male,56,HIIT,1.01
21.16,453.0,Beginner,Male,59,Cardio,0.72
31.53,1332.0,Advanced,Male,56,Yoga,1.77
13.78,883.0,Beginner,Female,31,Strength,1.46
25.33,1401.0,Advanced,Male,48,HIIT,1.9
34.06,1204.0,Intermediate,Female,22,Strength,1.45
28.52,794.0,Intermediate,Female,52,Cardio,1.27
20.86,851.0,Intermediate,Male,40,Yoga,1.13
21.07,1467.0,Advanced,Male,46,HIIT,1.83
24.37,710.0,Intermediate,Female,28,Strength,1.1
21.04,810.0,Intermediate,Male,35,HIIT,1.03
23.76,910.0,Beginner,Female,29,Strength,1.48
23.84,1004.0,Intermediate,Male,26,Strength,1.17
30.76,907.0,Beginner,Male,27,Cardio,1.34
30.4,904.0,Intermediate,Female,34,Cardio,1.37
18.35,969.0,Intermediate,Male,55,Strength,1.36
26.4,825.0,Intermediate,Female,24,Yoga,1.25
31.08,957.0,Beginner,Male,30,HIIT,1.27
26.79,592.0,Beginner,Female,57,HIIT,0.92
25.05,637.0,Intermediate,Female,59,Cardio,1.17
30.89,937.0,Beginner,Male,26,Yoga,1.02
26.16,958.0,Beginner,Female,44,Strength,1.4
16.27,463.0,Beginner,Male,19,Cardio,0.61
23.88,1345.0,Advanced,Male,22,Strength,1.91
21.05,844.0,Intermediate,Male,46,Strength,1.16
25.55,672.0,Beginner,Female,54,Cardio,0.97
25.49,768.0,Beginner,Female,55,Yoga,1.08
27.69,972.0,Beginner,Male,36,HIIT,1.37
36.01,686.0,Intermediate,Male,25,Cardio,1.04
27.18,1143.0,Intermediate,Female,18,Yoga,1.42
23.88,593.0,Beginner,Male,39,Strength,0.77
24.09,472.0,Beginner,Male,34,Cardio,0.67
21.34,1071.0,Beginner,Female,24,HIIT,1.29
20.2,876.0,Intermediate,Male,42,HIIT,1.32
28.03,878.0,Intermediate,Female,21,Strength,1.14
22.96,331.0,Beginner,Male,53,Cardio,0.54
26.16,1072.0,Beginner,Female,23,HIIT,1.34
33.21,949.0,Beginner,Male,48,Cardio,1.36
30.09,1646.0,Advanced,Male,36,HIIT,1.87
27.12,927.0,Beginner,Female,56,Strength,1.45
36.46,842.0,Intermediate,Male,44,Strength,1.35
21.23,895.0,Intermediate,Female,27,Cardio,1.26
17.32,831.0,Beginner,Male,43,Yoga,1.03
17.25,886.0,Beginner,Female,36,Yoga,1.23
17.51,848.0,Beginner,Female,56,Strength,1.29
24.26,1016.0,Intermediate,Female,20,HIIT,1.27
28.93,644.0,Intermediate,Female,30,Yoga,1.03
14.85,818.0,Intermediate,Male,45,Strength,1.08
24.35,957.0,Intermediate,Male,37,HIIT,1.36
16.5,1111.0,Beginner,Female,45,HIIT,1.47
17.85,1186.0,Advanced,Female,25,Yoga,1.56
17.82,776.0,Intermediate,Female,58,Strength,1.38
13.81,525.0,Beginner,Male,56,HIIT,0.68
21.66,1510.0,Advanced,Male,18,HIIT,1.83
40.26,850.0,Intermediate,Male,20,Cardio,1.01
30.4,1091.0,Intermediate,Male,30,Cardio,1.24
23.84,759.0,Intermediate,Female,45,Yoga,1.14
20.62,1053.0,Advanced,Female,42,Cardio,1.76
18.24,983.0,Intermediate,Female,50,Strength,1.41
43.4,529.0,Beginner,Male,55,Yoga,0.69
29.46,656.0,Beginner,Male,23,Yoga,0.89
22.15,1150.0,Advanced,Male,49,Cardio,1.83
21.8,906.0,Beginner,Female,38,HIIT,1.25
23.78,822.0,Beginner,Female,33,Strength,1.06
15.49,946.0,Intermediate,Male,38,Strength,1.03
25.57,1022.0,Intermediate,Female,28,Strength,1.46
20.7,830.0,Intermediate,Male,54,Yoga,1.14
31.75,1139.0,Advanced,Male,53,Strength,1.87
24.72,826.0,Beginner,Female,52,HIIT,1.36
41.84,651.0,Beginner,Male,36,HIIT,0.84
25.73,354.0,Beginner,Female,37,Cardio,0.54
25.01,1322.0,Advanced,Male,35,Strength,1.78
26.43,737.0,Intermediate,Female,58,Yoga,1.03
19.51,463.0,Beginner,Female,31,Cardio,0.59
23.56,1344.0,Advanced,Female,32,HIIT,1.67
28.12,1398.0,Advanced,Male,48,Strength,1.81
24.31,1408.0,Advanced,Male,18,HIIT,1.73
20.29,1171.0,Advanced,Female,20,Cardio,1.71
19.49,806.0,Beginner,Female,33,HIIT,1.25
15.75,1257.0,Intermediate,Male,40,Strength,1.42
37.11,921.0,Intermediate,Male,28,Strength,1.06
24.64,1319.0,Advanced,Male,29,Cardio,1.75
27.57,714.0,Intermediate,Female,27,Strength,1.19
23.94,1009.0,Intermediate,Male,49,HIIT,1.29
33.5,1078.0,Intermediate,Male,33,HIIT,1.4
32.34,330.0,Beginner,Female,25,Yoga,0.55
24.76,789.0,Intermediate,Male,55,Yoga,1.19
25.15,1028.0,Advanced,Male,29,Yoga,1.52
30.05,1355.0,Advanced,Male,41,HIIT,1.97
23.17,441.0,Beginner,Female,45,HIIT,0.76
16.14,632.0,Beginner,Female,25,Cardio,0.89
20.14,684.0,Beginner,Female,45,Yoga,0.95
30.59,806.0,Intermediate,Female,53,HIIT,1.17
18.44,1240.0,Advanced,Female,43,Cardio,1.67
22.02,935.0,Beginner,Female,25,HIIT,1.12
24.28,807.0,Intermediate,Female,45,Cardio,1.18
27.35,1287.0,Advanced,Male,45,Yoga,1.7
27.92,1158.0,Intermediate,Male,54,Yoga,1.48
16.53,743.0,Intermediate,Female,58,Yoga,1.28
17.65,894.0,Intermediate,Male,53,HIIT,1.3
27.94,748.0,Intermediate,Male,44,HIIT,1.26
23.46,746.0,Beginner,Female,34,Cardio,1.13
15.23,759.0,Intermediate,Male,26,Strength,1.15
15.42,847.0,Intermediate,Male,50,Strength,1.38
23.35,1173.0,Advanced,Male,37,Yoga,1.58
35.79,1076.0,Intermediate,Male,30,Strength,1.46
31.14,881.0,Intermediate,Male,45,Yoga,1.06
16.19,933.0,Beginner,Female,46,Cardio,1.41
17.01,810.0,Intermediate,Female,30,Strength,1.08
35.04,479.0,Beginner,Female,52,Strength,0.75
35.44,661.0,Beginner,Male,23,Yoga,0.72
29.34,1050.0,Intermediate,Female,35,Cardio,1.28
33.72,1675.0,Advanced,Male,22,Strength,1.88
27.66,350.0,Beginner,Male,42,Strength,0.52
34.34,1173.0,Intermediate,Male,19,Strength,1.27
22.57,1515.0,Advanced,Male,27,Cardio,1.8
16.54,303.0,Beginner,Female,47,Cardio,0.51
17.59,978.0,Intermediate,Female,22,Strength,1.47
20.13,753.0,Intermediate,Male,50,Yoga,1.17
21.66,948.0,Intermediate,Female,18,Yoga,1.29
21.48,1151.0,Beginner,Male,35,Strength,1.3
26.36,938.0,Beginner,Female,49,Cardio,1.38
29.62,847.0,Intermediate,Female,28,Strength,1.1
18.64,1081.0,Intermediate,Male,38,Cardio,1.31
21.0,502.0,Beginner,Female,43,Strength,0.82
23.8,904.0,Intermediate,Male,42,Cardio,1.1
19.41,749.0,Beginner,Female,39,HIIT,1.17
38.5,856.0,Intermediate,Male,44,Yoga,1.34
17.06,789.0,Beginner,Male,30,HIIT,1.13
22.07,1184.0,Advanced,Female,50,Yoga,1.88
31.05,422.0,Beginner,Female,51,Cardio,0.71
16.23,937.0,Beginner,Male,58,HIIT,1.12
18.68,837.0,Beginner,Female,52,Yoga,1.5
30.44,606.0,Beginner,Female,18,Strength,0.97
26.48,1410.0,Advanced,Male,38,Cardio,1.72
23.78,1320.0,Advanced,Male,23,Cardio,1.6
18.7,887.0,Beginner,Female,45,Strength,1.45
16.41,987.0,Intermediate,Male,34,Strength,1.38
19.06,1086.0,Intermediate,Male,22,Yoga,1.42
25.73,1248.0,Advanced,Male,48,Cardio,1.51
19.71,640.0,Intermediate,Female,22,Yoga,1.0
21.8,719.0,Beginner,Female,55,Strength,1.32
29.49,875.0,Intermediate,Male,20,Cardio,1.02
19.09,762.0,Intermediate,Female,40,Strength,1.27
29.1,688.0,Beginner,Male,54,Yoga,1.13
29.17,983.0,Intermediate,Female,54,Yoga,1.41
19.01,1172.0,Beginner,Male,27,Yoga,1.48
33.33,926.0,Intermediate,Male,27,Cardio,1.38
19.36,634.0,Beginner,Female,36,Strength,0.99
20.11,915.0,Intermediate,Male,34,Strength,1.18
21.99,859.0,Intermediate,Female,38,Yoga,1.21
19.45,766.0,Intermediate,Female,31,Yoga,1.17
19.73,802.0,Beginner,Male,26,Yoga,1.13
45.14,1229.0,Intermediate,Male,18,Yoga,1.46
22.48,826.0,Intermediate,Female,30,HIIT,1.02
25.03,972.0,Intermediate,Male,21,HIIT,1.37
19.47,983.0,Intermediate,Male,18,HIIT,1.2
22.14,796.0,Intermediate,Male,57,Yoga,1.14
24.31,1225.0,Advanced,Male,49,Yoga,1.98
20.76,954.0,Beginner,Male,51,Strength,1.14
23.81,909.0,Advanced,Female,45,Cardio,1.67
28.88,798.0,Intermediate,Female,48,Strength,1.19
31.26,752.0,Beginner,Male,25,HIIT,1.13
33.97,1024.0,Beginner,Male,56,Strength,1.37
20.83,988.0,Beginner,Male,43,Yoga,1.24
23.37,674.0,Intermediate,Female,51,HIIT,1.11
24.52,821.0,Intermediate,Male,20,HIIT,1.14
29.89,720.0,Intermediate,Female,29,Cardio,1.2
27.14,679.0,Intermediate,Female,18,Cardio,1.07
15.72,1144.0,Intermediate,Female,22,HIIT,1.37
22.64,1188.0,Beginner,Male,47,HIIT,1.42
12.91,475.0,Beginner,Female,47,Strength,0.8
32.84,870.0,Intermediate,Male,34,HIIT,1.18
29.14,693.0,Beginner,Female,40,Yoga,0.85
27.74,1013.0,Beginner,Male,32,Strength,1.45
16.09,749.0,Intermediate,Female,54,Yoga,1.29
46.98,1216.0,Intermediate,Male,38,Yoga,1.34
23.79,1116.0,Advanced,Female,31,Yoga,1.8
21.45,1766.0,Advanced,Male,19,HIIT,1.9
26.47,1025.0,Intermediate,Male,28,Cardio,1.35
39.77,1060.0,Intermediate,Male,56,Cardio,1.29
27.58,777.0,Intermediate,Male,55,Yoga,1.0
19.72,626.0,Intermediate,Female,51,HIIT,1.07
26.98,394.0,Beginner,Female,55,Strength,0.54
41.34,950.0,Intermediate,Male,51,Yoga,1.38
22.72,1188.0,Advanced,Female,35,Strength,1.71
22.81,942.0,Beginner,Male,47,Strength,1.36
25.33,1025.0,Intermediate,Male,32,HIIT,1.36
22.19,966.0,Intermediate,Female,44,HIIT,1.27
19.02,868.0,Beginner,Male,51,Cardio,1.36
28.97,1091.0,Beginner,Male,55,Cardio,1.44
30.63,581.0,Beginner,Female,50,HIIT,0.89
14.87,929.0,Beginner,Male,41,Yoga,1.26
24.84,408.0,Beginner,Male,32,Cardio,0.58
32.42,1634.0,Advanced,Male,47,Strength,2.0
33.07,423.0,Beginner,Male,59,Yoga,0.57
18.09,821.0,Intermediate,Female,34,Strength,1.02
27.47,849.0,Beginner,Female,22,HIIT,1.38
26.35,906.0,Advanced,Female,46,Strength,1.61
38.76,775.0,Beginner,Male,21,Yoga,1.06
30.64,954.0,Intermediate,Male,27,HIIT,1.41
24.5,1276.0,Advanced,Female,34,Yoga,1.76
31.13,1598.0,Advanced,Male,27,Strength,1.75
35.19,1249.0,Beginner,Male,34,Yoga,1.36
30.74,1573.0,Advanced,Male,37,HIIT,1.81
28.66,714.0,Intermediate,Male,41,Strength,1.06
27.16,938.0,Intermediate,Female,22,Strength,1.36
30.96,733.0,Beginner,Female,51,Cardio,0.97
22.32,319.0,Beginner,Female,23,Cardio,0.51
19.13,952.0,Intermediate,Male,19,Yoga,1.17
24.87,916.0,Intermediate,Female,30,Cardio,1.41
27.88,1006.0,Intermediate,Female,28,Cardio,1.49
17.4,951.0,Intermediate,Male,40,Cardio,1.16
12.85,1148.0,Intermediate,Male,33,Cardio,1.45
23.88,537.0,Beginner,Female,48,HIIT,0.75
31.49,968.0,Intermediate,Female,28,HIIT,1.49
23.2,643.0,Beginner,Female,33,Cardio,1.02
23.11,986.0,Intermediate,Female,25,Yoga,1.36
19.92,1024.0,Intermediate,Male,21,HIIT,1.32
26.46,985.0,Advanced,Female,57,Cardio,1.52
17.33,380.0,Beginner,Female,21,HIIT,0.55
18.7,468.0,Beginner,Male,42,Strength,0.63
16.48,660.0,Beginner,Female,20,HIIT,0.91
14.6,741.0,Beginner,Male,49,HIIT,0.93
25.62,695.0,Beginner,Male,20,Yoga,0.79
25.75,1159.0,Advanced,Male,44,HIIT,1.51
22.22,709.0,Beginner,Female,46,Yoga,1.11
25.17,695.0,Beginner,Female,49,Strength,0.93
32.73,1082.0,Intermediate,Male,36,Cardio,1.49
30.43,857.0,Intermediate,Female,38,Yoga,1.19
16.56,877.0,Intermediate,Female,22,HIIT,1.45
32.74,559.0,Beginner,Male,35,HIIT,0.84
20.83,982.0,Intermediate,Male,45,Yoga,1.47
24.19,841.0,Beginner,Female,59,Strength,1.46
20.29,445.0,Beginner,Male,39,Cardio,0.55
23.71,1082.0,Advanced,Female,38,HIIT,1.64
18.52,585.0,Beginner,Female,23,Strength,0.76
18.68,1032.0,Intermediate,Female,18,Cardio,1.29
15.14,977.0,Intermediate,Female,22,Cardio,1.48
30.49,668.0,Beginner,Male,58,HIIT,0.9
28.7,1378.0,Advanced,Male,29,Yoga,1.79
30.55,807.0,Beginner,Male,43,HIIT,1.08
21.67,924.0,Intermediate,Male,51,HIIT,1.22
19.31,1092.0,Advanced,Female,31,HIIT,1.72
18.19,742.0,Intermediate,Female,43,Strength,1.03
22.31,1372.0,Advanced,Male,44,Yoga,1.66
26.1,829.0,Beginner,Female,26,Strength,1.37
21.16,1046.0,Intermediate,Female,43,HIIT,1.48
21.87,672.0,Beginner,Female,39,Yoga,0.89
12.32,1015.0,Intermediate,Male,47,Cardio,1.29
32.72,1536.0,Advanced,Male,34,Yoga,1.9
29.34,1012.0,Beginner,Male,43,HIIT,1.31
13.95,965.0,Intermediate,Female,53,Yoga,1.34
23.79,436.0,Beginner,Male,18,Cardio,0.66
26.48,1294.0,Intermediate,Male,25,Cardio,1.47
13.82,645.0,Intermediate,Male,52,Yoga,1.01
31.71,1197.0,Advanced,Male,32,Cardio,1.77
17.83,1143.0,Intermediate,Male,39,Strength,1.35
17.91,504.0,Beginner,Male,31,Yoga,0.71
22.44,590.0,Beginner,Female,43,Cardio,0.79
15.73,433.0,Beginner,Female,45,Cardio,0.74
26.99,666.0,Beginner,Male,40,Yoga,0.91
18.79,484.0,Beginner,Male,31,Strength,0.56
23.01,1138.0,Advanced,Female,41,Yoga,1.93
17.4,1164.0,Intermediate,Female,19,Cardio,1.42
19.86,747.0,Intermediate,Male,43,Yoga,1.11
20.27,446.0,Beginner,Male,31,Cardio,0.6
27.53,1491.0,Advanced,Male,24,HIIT,1.76
24.42,885.0,Intermediate,Male,20,Yoga,1.33
28.2,566.0,Beginner,Female,40,Yoga,0.87
23.64,1241.0,Intermediate,Male,35,Cardio,1.41
26.43,719.0,Intermediate,Male,55,Cardio,1.19
40.79,388.0,Beginner,Male,52,Cardio,0.53
21.0,1047.0,Intermediate,Male,32,Cardio,1.39
27.78,732.0,Intermediate,Female,42,Yoga,1.17
23.1,807.0,Beginner,Female,54,Cardio,1.08
27.11,999.0,Advanced,Female,45,Yoga,1.67
25.54,1363.0,Advanced,Male,27,Strength,1.62
34.8,1148.0,Intermediate,Male,56,Yoga,1.38
22.48,847.0,Intermediate,Female,34,Cardio,1.13
16.97,858.0,Intermediate,Male,56,Cardio,1.09
38.49,1116.0,Intermediate,Male,39,Strength,1.26
29.69,875.0,Intermediate,Female,43,Yoga,1.42
24.22,717.0,Beginner,Female,42,Strength,1.07
20.36,958.0,Intermediate,Female,34,Yoga,1.33
26.66,1228.0,Advanced,Female,30,Cardio,1.78
22.67,859.0,Intermediate,Male,37,Yoga,1.23
21.29,888.0,Beginner,Male,42,Cardio,1.22
25.72,756.0,Intermediate,Female,21,Cardio,1.19
26.54,792.0,Beginner,Male,27,HIIT,0.96
17.05,659.0,Beginner,Female,20,HIIT,1.08
19.55,406.0,Beginner,Female,58,Yoga,0.74
37.98,986.0,Beginner,Male,35,Cardio,1.1
23.23,711.0,Intermediate,Female,53,Strength,1.12
15.65,1010.0,Intermediate,Male,39,Cardio,1.35
15.51,1128.0,Beginner,Male,51,Strength,1.47
21.49,1451.0,Advanced,Male,25,Yoga,1.94
29.97,1159.0,Advanced,Male,57,Yoga,1.76
20.28,1043.0,Advanced,Female,36,Strength,1.63
44.26,915.0,Beginner,Male,59,Strength,1.24
23.8,662.0,Intermediate,Female,58,Cardio,1.05
22.48,996.0,Advanced,Female,54,Yoga,1.69
24.84,1069.0,Intermediate,Female,23,Cardio,1.37
25.44,673.0,Beginner,Female,43,Strength,0.99
32.75,779.0,Beginner,Male,51,HIIT,1.21
28.78,879.0,Intermediate,Male,23,HIIT,1.15
18.45,1220.0,Advanced,Female,54,HIIT,1.76
20.11,911.0,Intermediate,Female,50,Strength,1.22
26.68,1198.0,Intermediate,Male,39,Cardio,1.32
30.68,481.0,Beginner,Female,38,Yoga,0.74
36.45,698.0,Intermediate,Male,23,Strength,1.0
23.77,1107.0,Advanced,Female,23,HIIT,1.8
31.31,803.0,Beginner,Male,21,Cardio,1.0
16.66,756.0,Intermediate,Female,47,Yoga,1.03
17.2,1582.0,Advanced,Female,28,Yoga,1.99
41.03,552.0,Beginner,Male,47,Strength,0.71
26.99,1001.0,Intermediate,Female,48,Strength,1.34
22.06,898.0,Beginner,Female,41,Yoga,1.34
40.52,1031.0,Intermediate,Male,26,Yoga,1.15
28.56,893.0,Intermediate,Female,20,HIIT,1.07
49.84,876.0,Intermediate,Male,48,Yoga,1.06
27.84,795.0,Intermediate,Male,57,Strength,1.1
28.46,454.0,Beginner,Female,54,Cardio,0.72
26.81,1107.0,Advanced,Female,53,HIIT,1.77
26.33,576.0,Intermediate,Female,41,HIIT,1.04
18.98,433.0,Beginner,Female,48,Yoga,0.74
23.6,911.0,Intermediate,Female,23,Cardio,1.38
17.61,864.0,Intermediate,Female,19,HIIT,1.35
22.44,621.0,Beginner,Female,37,Strength,1.01
26.08,1102.0,Advanced,Male,45,Yoga,1.7
24.89,1242.0,Advanced,Female,28,Strength,1.94
29.89,944.0,Beginner,Male,21,Yoga,1.3
22.96,1378.0,Advanced,Female,32,HIIT,1.65
13.36,594.0,Beginner,Female,23,Yoga,0.82
46.94,598.0,Beginner,Male,47,Cardio,0.77
15.92,927.0,Beginner,Female,55,Strength,1.28
24.2,1234.0,Advanced,Female,19,Cardio,1.87
18.79,1025.0,Intermediate,Male,32,Strength,1.18
24.01,500.0,Beginner,Female,28,Strength,0.68
14.74,711.0,Intermediate,Female,25,Yoga,1.03
13.38,965.0,Intermediate,Female,43,HIIT,1.5
27.05,691.0,Beginner,Male,22,HIIT,0.91
23.21,1336.0,Advanced,Female,23,Cardio,1.59
23.48,1117.0,Advanced,Female,43,Yoga,1.88
17.44,706.0,Intermediate,Female,21,HIIT,1.07
18.42,1213.0,Advanced,Female,36,Strength,1.65
23.22,992.0,Intermediate,Male,37,Strength,1.49
25.7,1181.0,Advanced,Male,50,Yoga,1.85
24.21,726.0,Intermediate,Female,37,Cardio,1.03
19.88,878.0,Intermediate,Female,29,Yoga,1.33
29.5,725.0,Beginner,Male,18,Cardio,1.03
25.56,1189.0,Advanced,Male,43,Yoga,1.58
17.27,811.0,Intermediate,Female,31,Strength,1.22
18.46,637.0,Beginner,Male,55,Yoga,0.77
30.34,475.0,Beginner,Female,54,HIIT,0.76
27.43,951.0,Intermediate,Male,28,HIIT,1.29
23.7,815.0,Intermediate,Male,53,Yoga,1.09
32.66,1104.0,Intermediate,Male,30,Cardio,1.32
23.25,1287.0,Advanced,Male,20,Cardio,1.72
29.3,470.0,Beginner,Female,50,Strength,0.73
19.73,942.0,Intermediate,Male,23,Strength,1.15
24.44,494.0,Beginner,Male,27,Cardio,0.68
26.75,1519.0,Advanced,Female,22,Yoga,1.83
25.92,1497.0,Advanced,Male,40,Strength,1.63
36.95,950.0,Intermediate,Male,27,Cardio,1.28
26.32,883.0,Intermediate,Female,19,Cardio,1.46
31.32,494.0,Beginner,Male,30,Yoga,0.66
21.06,713.0,Intermediate,Female,57,HIIT,1.05
23.98,1336.0,Advanced,Female,19,Cardio,1.65
21.84,876.0,Intermediate,Female,37,Strength,1.38
21.84,573.0,Beginner,Female,18,Yoga,0.94
28.56,921.0,Intermediate,Male,54,Yoga,1.42
24.07,1307.0,Advanced,Female,26,Yoga,1.88
34.92,713.0,Beginner,Male,34,HIIT,0.96
12.97,549.0,Beginner,Male,26,HIIT,0.75
14.57,980.0,Intermediate,Male,28,Strength,1.32
24.36,1783.0,Advanced,Male,32,Strength,1.93
30.19,634.0,Beginner,Male,41,Yoga,0.79
40.09,640.0,Beginner,Male,55,Strength,0.77
24.78,895.0,Beginner,Male,52,Cardio,1.19
25.54,531.0,Beginner,Male,47,HIIT,0.72
21.83,681.0,Intermediate,Male,48,Yoga,1.05
41.56,914.0,Intermediate,Male,22,Yoga,1.24
26.47,863.0,Intermediate,Female,31,Cardio,1.26
26.14,831.0,Intermediate,Female,28,Cardio,1.13
31.64,816.0,Beginner,Female,26,Cardio,1.15
33.61,1027.0,Advanced,Male,51,Cardio,1.56
23.33,976.0,Intermediate,Female,29,Yoga,1.31
23.79,1135.0,Advanced,Female,52,HIIT,1.66
28.28,753.0,Intermediate,Female,52,HIIT,1.02
44.1,693.0,Beginner,Male,18,Cardio,0.94
14.07,705.0,Intermediate,Male,57,Strength,1.13
27.18,656.0,Beginner,Male,39,Yoga,0.89
20.76,1044.0,Intermediate,Male,46,HIIT,1.31
22.6,784.0,Beginner,Female,25,Cardio,0.95
24.13,479.0,Beginner,Female,28,Strength,0.61
23.75,1463.0,Advanced,Female,58,Strength,1.97
28.68,836.0,Beginner,Female,54,Cardio,1.14
30.43,1230.0,Advanced,Male,31,Yoga,1.72
27.2,557.0,Beginner,Male,47,HIIT,0.76
24.23,965.0,Intermediate,Male,52,Strength,1.3
16.01,727.0,Intermediate,Female,38,HIIT,1.01
44.66,736.0,Intermediate,Male,54,HIIT,1.04
35.47,1017.0,Beginner,Male,22,Strength,1.34
18.65,514.0,Beginner,Female,36,Cardio,0.85
19.82,402.0,Beginner,Female,31,Strength,0.57
17.39,812.0,Beginner,Male,43,Strength,1.18
25.85,1104.0,Intermediate,Male,21,Yoga,1.32
27.55,1113.0,Advanced,Male,42,HIIT,1.77
30.66,1418.0,Advanced,Male,59,Cardio,1.99
20.07,1127.0,Intermediate,Male,42,HIIT,1.38
48.43,718.0,Intermediate,Male,35,Strength,1.02
27.11,723.0,Intermediate,Female,57,Cardio,1.05
22.99,852.0,Beginner,Female,25,Cardio,1.2
23.79,1066.0,Advanced,Female,56,Cardio,1.91
31.74,862.0,Intermediate,Male,57,Cardio,1.21
29.23,883.0,Intermediate,Female,31,Yoga,1.39
16.01,762.0,Beginner,Male,49,Cardio,1.14
21.34,992.0,Intermediate,Male,55,Strength,1.2
21.67,760.0,Intermediate,Female,50,Yoga,1.03
25.14,1445.0,Advanced,Male,40,Strength,1.96
26.22,818.0,Intermediate,Male,32,Strength,1.24
23.02,838.0,Beginner,Female,50,HIIT,1.32
23.41,1005.0,Advanced,Female,42,Cardio,1.83
23.28,636.0,Beginner,Female,34,Cardio,0.81
36.8,764.0,Intermediate,Male,50,Strength,1.16
27.03,907.0,Beginner,Female,19,Cardio,1.17
23.88,699.0,Intermediate,Female,31,Yoga,1.02
30.63,1290.0,Advanced,Male,57,HIIT,1.57
14.3,1001.0,Beginner,Female,57,Cardio,1.39
22.48,1227.0,Advanced,Female,56,Cardio,1.99
16.8,354.0,Beginner,Female,23,Yoga,0.58
23.93,1327.0,Advanced,Male,23,HIIT,1.87
21.48,1035.0,Intermediate,Male,20,Yoga,1.12
28.77,1364.0,Advanced,Male,24,Strength,1.57
25.69,1260.0,Beginner,Male,25,Strength,1.38
19.5,929.0,Advanced,Female,59,Cardio,1.72
37.74,883.0,Intermediate,Male,32,HIIT,1.1
33.38,542.0,Beginner,Male,46,Strength,0.75
