category,rating,name,state
Recreation Centers,4.1,Klang Sports Centre (F.K.A TM Sports Complex),Selangor
Fishing & Hunting,4.7,TCE Tackles Sdn Bhd,Sabah
Gyms & Studios,4.3,Xtreme Fitness NS,Johor
Gyms & Studios,4.7,BELIEVE FITNESS - Pinnacle Sri Petaling Mall,Kuala Lumpur
Gyms & Studios,4.2,OHM Fitness Centre,Melaka
Gyms & Studios,5.0,OXYGYM FITNESS,Selangor
Recreation Centers,4.2,Summer Sport Centre,Negeri Sembilan
Gyms & Studios,5.0,Dr.stretch 1 Utama,Selangor
Fishing & Hunting,4.4,TCE Tackles Sdn Bhd,Kelantan
Fishing & Hunting,4.0,TCE Tackles Sdn Bhd,Perak
Gyms & Studios,4.7,REP by REP GYM & FITNESS CENTRE,Kedah
Recreation Centers,4.9,STUMPS! Indoor Cricket Centre,Selangor
Gyms & Studios,4.3,My Gym Exercise Centre,Johor
Fishing & Hunting,4.9,De'Fish Fishing Park,Kelantan
Golf & Driving Ranges,3.9,Golf & Country Club Kuala Kubu Bharu,Selangor
Fishing & Hunting,4.7,TCE Tackles Sdn Bhd,Other
Fishing & Hunting,5.0,Kolam Pancing Udang Galah Anuar Dowak (Joint Management),Perak
Recreation Centers,4.3,UiTM Shah Alam Sports Complex,Selangor
Recreation Centers,4.2,Satellite Sports PJ,Selangor
Fishing & Hunting,4.1,TCE Tackles Sdn Bhd,Selangor
Fishing & Hunting,3.8,Karambunai Fishing Jetty,Sabah
Recreation Centers,5.0,Elevate Sports Performance,Selangor
Gyms & Studios,5.0,Brother One Gym & Fitness Sentul,Kuala Lumpur
Other Outdoor & Lawn Sports,4.3,Berapit Sport Centre,Other
Gyms & Studios,4.1,Anytime Fitness Tropika Bukit Jalil - 24 Hour Gym,Kuala Lumpur
Recreation Centers,4.4,7 Stone Badminton Court,Sarawak
Gyms & Studios,4.8,Liv Studio - Yoga & Pilates,Selangor
Gyms & Studios,4.7,Batuu Climbing,Selangor
Gyms & Studios,4.9,Anne Nikko Fitness Gym,Selangor
Gyms & Studios,4.9,KFitness Gym - #1 Biggest Gym in PJ,Selangor
Gyms & Studios,4.9,KlimbZone,Sarawak
Recreation Centers,4.6,TT Sports Centre @ PJ,Selangor
Fishing & Hunting,3.7,Kolam mancing air masin telok belanga,Other
Gyms & Studios,4.7,YOLO Fitness,Sabah
Fishing & Hunting,4.4,Kolam Sri Tanjung,Selangor
Team Sports & Fields,3.6,Younique Sports Sungai Besi,Kuala Lumpur
Gyms & Studios,4.9,Union Strength Hartamas,Kuala Lumpur
Gyms & Studios,4.7,Believe Fitness You City 3,Selangor
Saunas & Spas,5.0,Al Ryan Sauna Bangi,Selangor
Fishing & Hunting,5.0,Kolam Pancing Damai Semenyih,Selangor
Fishing & Hunting,3.8,TCE Tackles Sdn Bhd,Selangor
Saunas & Spas,4.8,"W Traditional Thai Therapeutic Wellness - Heritage Row, KL / 吉隆坡老街",Kuala Lumpur
Team Sports & Fields,4.4,"Endfield Football Field, The Club",Selangor
Other Outdoor & Lawn Sports,2.6,Megah Rise Badminton Courts,Selangor
Ball Sports,4.3,BBC Best Bola Challenger Futsal Center_Setapak,Kuala Lumpur
Other Outdoor & Lawn Sports,4.2,The Palms Batu Pahat,Johor
Gyms & Studios,4.6,Sunday Pilates,Selangor
Snow & Winter Sports,4.6,SnowLim Wonderland,Negeri Sembilan
Saunas & Spas,4.9,San Onsen KSL,Selangor
Saunas & Spas,4.9,Bora Bora Headspa,Selangor
Fishing & Hunting,4.1,TCE Tackles Sdn Bhd,Other
Fishing & Hunting,3.8,TCE Tackles Sdn Bhd,Kuala Lumpur
Fishing & Hunting,4.8,Fa's Fishing Pond (Kolam Pancing Udang Galah),Perak
Gyms & Studios,4.5,Euphoria,Kuala Lumpur
Fishing & Hunting,4.3,TCE Tackles Sdn Bhd,Melaka
Team Sports & Fields,3.6,NZX Sports Arena,Selangor
Fishing & Hunting,3.6,P&L Kolam Pancing,Johor
Gyms & Studios,4.9,U Fitness Gym Permas,Johor
Fishing & Hunting,3.9,TCE Tackles Sdn Bhd,Negeri Sembilan
Gyms & Studios,4.8,Bangsawan Fitness,Selangor
Fishing & Hunting,3.4,KOLAM PANCING 3 ABDUL (UDANG GALAH),Kuala Lumpur
Recreation Centers,4.1,Pekan Nanas Sports Centre,Johor
Recreation Centers,4.0,White Fairy Futsal & Badminton Court,Selangor
Recreation Centers,4.0,The Parenthood @ Melawati Mall,Kuala Lumpur
Fishing & Hunting,4.6,TCE Tackles Sdn Bhd,Sabah
Fishing & Hunting,5.0,Rancak Fishing Resort,Perak
Other Outdoor & Lawn Sports,4.3,Permas City Walks,Johor
Team Sports & Fields,4.0,Footballhub & Picklehub @ SkyArena,Pahang
Gyms & Studios,4.9,"Lean Muscle Gym (Fitness, Protein, Supplements & Personal Trainer)",Negeri Sembilan
Fishing & Hunting,4.1,Kolam Pancing Top One,Johor
Recreation Centers,4.2,Forum Pudu,Kuala Lumpur
Fishing & Hunting,4.9,ALIMAMA ONLINE STORE,Selangor
Fishing & Hunting,4.9,Lucky Recreational Center,Perak
Fishing & Hunting,4.7,Ah huat fishing cafe,Johor
Gyms & Studios,4.7,"24-Hour Gym: Anytime Fitness Bandar Kinrara, Puchong",Selangor
Gyms & Studios,4.5,Anytime Fitness Bukit Jelutong,Selangor
Gyms & Studios,4.5,"24-Hour Gym: Anytime Fitness Taman Desa, Faber Towers",Kuala Lumpur
Recreation Centers,4.4,"Air Terjun Ulu Licin, ( Beruas, Perak )",Perak
Skating & Rinks,4.6,Putrajaya Challenge Park - Skatepark,Putrajaya
Golf & Driving Ranges,4.0,Bukit Unggul Country Club,Selangor
Other Outdoor & Lawn Sports,4.3,CT Advance Sports (Max Court),Kedah
Recreation Centers,3.9,Futsal n Badminton Court Bandar Country Homes,Selangor
Snow & Winter Sports,4.1,SnoWalk by i-City,Selangor
Gyms & Studios,4.9,V Functional Fitness,Johor
Recreation Centers,4.1,Ombak Damai,Other
Team Sports & Fields,4.1,Too Bee Sport Centre,Johor
Gyms & Studios,4.1,Fitness First Gym - Paradigm Mall,Selangor
Golf & Driving Ranges,4.0,Danau Golf UKM (DGUKM),Selangor
Gyms & Studios,4.6,Camp5 Climbing Gym,Selangor
Gyms & Studios,4.5,Fury Fitness,Kedah
Fishing & Hunting,4.3,Perniagaan Ewatt,Kelantan
Recreation Centers,4.5,Pulau Chekas Riverpools,Pahang
Gyms & Studios,4.9,Muscle House Fitness Center - Muar,Johor
Gyms & Studios,4.3,force fitness kajang,Selangor
Gyms & Studios,4.5,Cobra Gym Express Taman Sentosa 24 Hour Fitness,Selangor
Fishing & Hunting,4.4,TCE Tackles Sdn Bhd,Sabah
Water & Aquatic Sports,4.5,Kiulu White Water Rafting Centre,Sabah
Fishing & Hunting,4.1,TCE Tackles Sdn Bhd,Perak
Gyms & Studios,4.6,Transform Fitness Centre,Johor
Recreation Centers,3.9,Avenger Sports Arena,Selangor
Water & Aquatic Sports,4.7,Dory Swim (Cheras Branch),Kuala Lumpur
Fishing & Hunting,4.1,TCE Tackles Sdn Bhd,Terengganu
Golf & Driving Ranges,4.0,Bukit Jalil Golf Club Driving Range,Kuala Lumpur
Golf & Driving Ranges,3.9,Maran Hill Golf and Resort,Pahang
Golf & Driving Ranges,4.9,Golfzon Johor,Johor
Recreation Centers,4.4,Taman Cabaran (Wall Climbing) Challenger Park Rock Climbing Gym,Putrajaya
Gyms & Studios,3.6,Celebrity Fitness Gym - Wangsa Walk,Kuala Lumpur
Recreation Centers,4.1,Xiang Recreation 湘休闲中心,Johor
Gyms & Studios,4.4,Anytime Fitness Sentul Point,Kuala Lumpur
Gyms & Studios,4.6,LifenFitness EkoCheras,Kuala Lumpur
Gyms & Studios,4.2,Anytime Fitness @Menara UOA Bangsar,Kuala Lumpur
Golf & Driving Ranges,4.4,Permaipura Golf & Country Club,Kedah
Fishing & Hunting,4.4,TCE Tackles Sdn Bhd,Selangor
Gyms & Studios,4.6,MUAY THAI BULOH GADING,Selangor
Fishing & Hunting,4.0,TCE Tackles Sdn Bhd,Selangor
Gyms & Studios,4.3,Workout Holic Gym,Selangor
Golf & Driving Ranges,3.9,Penang Golf Resort,Penang
Recreation Centers,3.9,Winner Court,Sarawak
Recreation Centers,4.6,GT Sports & Recreation Club,Perak
Gyms & Studios,5.0,Aspire @ Access World,Selangor
Gyms & Studios,4.4,Savage Gears PuchongGym&Studio,Selangor
Fishing & Hunting,4.8,Sport Line Tackle Shop Section 15 Shah Alam,Selangor
Recreation Centers,4.0,U Five Sports center,Johor
Fishing & Hunting,4.1,TCE Tackles Sdn Bhd,Sarawak
Gyms & Studios,4.4,Silver State Table Tennis Centre,Perak
Recreation Centers,4.3,Dewan Serbaguna Taman Setiawangsa,Kuala Lumpur
Gyms & Studios,4.9,Curves Wangsa Maju,Kuala Lumpur
Golf & Driving Ranges,4.1,Kelantan Golf Club,Kelantan
Fishing & Hunting,4.3,TCE Tackles Sdn Bhd,Selangor
Gyms & Studios,4.1,WELLFITNESS & GYMNASIUM PORT DICKSON,Negeri Sembilan
Recreation Centers,4.1,Younique Sports Semenyih,Selangor
Gyms & Studios,4.5,Gua Damai Extreme Park,Selangor
Gyms & Studios,4.4,Northern Iron Gym & Fitness,Penang
Ball Sports,4.3,Stadium Futsal POLO,Pahang
Gyms & Studios,4.9,Amazonian Fitness,Other
Fishing & Hunting,3.8,TCE Tackles Sdn Bhd,Perak
Fishing & Hunting,4.4,Hwa Tat Tackle Sdn. Bhd.,Other
Gyms & Studios,3.9,Celebrity Fitness Gym - Mid Valley,Kuala Lumpur
Recreation Centers,4.2,Impian Sports,Other
Recreation Centers,4.3,Uptown Sports,Selangor
Fishing & Hunting,4.4,TCE Tackles Sdn Bhd,Sabah
Fishing & Hunting,4.4,TCE Tackles Sdn Bhd,Sarawak
Golf & Driving Ranges,4.1,Kelab Golf Perkhidmatan Awam,Kuala Lumpur
Recreation Centers,4.7,Fun X World,Selangor
Gyms & Studios,4.0,Cobra Gym Express Seremban 2 24 Hour Fitness,Negeri Sembilan
Recreation Centers,4.1,PJS Sports Centre (by xivo.sports),Selangor
Recreation Centers,4.0,RKS SPORTS CENTRE,Selangor
Fishing & Hunting,4.7,(KPLJ) Lancong Jaya Fishing Pond,Selangor
Gyms & Studios,4.7,Project Rock Climbing Gym,Other
Saunas & Spas,4.1,SPA Manja,Johor
Gyms & Studios,3.8,Celebrity Fitness Gym - Palm Mall,Negeri Sembilan
Gyms & Studios,4.0,7 Fitness Sports Centre,Negeri Sembilan
Other Outdoor & Lawn Sports,4.3,Badminton Hall Sri Amar (Sri Amar JL Sports Centre),Johor
Fishing & Hunting,4.0,TCE Tackles Sdn Bhd,Johor
Golf & Driving Ranges,4.3,SKT Golf Studio,Selangor
Ball Sports,4.3,Everyday Sports,Johor
Saunas & Spas,4.8,W Traditional Thai Therapeutic Wellness - Mont Kiara / 滿家樂,Kuala Lumpur
Fishing & Hunting,4.2,TCE Tackles Sdn Bhd,Perak
Fishing & Hunting,4.0,TCE Tackles Sdn Bhd,Selangor
Other Outdoor & Lawn Sports,4.3,Dewan Badminton MMA,Selangor
Fishing & Hunting,3.7,TCE Tackles Sdn Bhd,Johor
Gyms & Studios,4.7,RedLine Gym Johor Bahru,Johor
Recreation Centers,4.1,Sport Planet Futsal Cheng,Melaka
Shooting & Gun Ranges,4.6,Selangor Shooting Association,Selangor
Gyms & Studios,4.9,Third Space Pilates - Mont Kiara,Kuala Lumpur
Gyms & Studios,4.9,1 One Fitness Setia Alam,Selangor
Golf & Driving Ranges,4.0,Royal Seri Menanti Golf & Country Club,Negeri Sembilan
Fishing & Hunting,4.0,TCE Tackles Sdn Bhd,Perak
Fishing & Hunting,4.4,TCE Tackles Sdn Bhd,Sabah
Gyms & Studios,4.6,TOP GYM FITNESS (TMN DESA CEMERLANG) 小巨人健身室,Johor
Gyms & Studios,4.9,Seven Star Gym Pulau Tikus,Other
Gyms & Studios,4.8,24-Hour Gym: Anytime Fitness Tanjung Tokong George Town Penang,Penang
Gyms & Studios,5.0,Jabfit & TCM Rehab,Penang
Gyms & Studios,4.8,EAST SOUND Fitness Center Club,Other
Gyms & Studios,4.4,Anytime Fitness Platinum Arena,Kuala Lumpur
Gyms & Studios,5.0,Train by Blackbox,Selangor
Saunas & Spas,5.0,Kayxi Beauty Spa and Makeup,Kelantan
Gyms & Studios,3.9,Celebrity Fitness Gym - Queensbay Mall,Other
Martial Arts & Dojos,4.9,Hikari Martial Arts Gym | Ampang Branch,Kuala Lumpur
Martial Arts & Dojos,5.0,FEBA Fight Club,Selangor
Martial Arts & Dojos,4.4,Merican Muay Thai Gym - Damansara Jaya,Selangor
Martial Arts & Dojos,5.0,MMA Sports Hub,Sarawak
Saunas & Spas,4.7,Novothai Spa,Perak
Recreation Centers,3.7,Toy World Amusement Baby Shark Adventure Ville,Johor
Fishing & Hunting,4.9,Kolam Pancing Santai Sg. Tekali (Rohu & Patin),Selangor
Fishing & Hunting,3.6,Kolam Pancing NAZ Fishing Valley,Selangor
Team Sports & Fields,4.5,Melwood Arena Sungai Buloh,Selangor
Gyms & Studios,4.5,Power Gym Kuching City Mall,Sarawak
Saunas & Spas,4.9,V Spa Bintulu,Sarawak
Ball Sports,4.9,Sergio Aguero Arena,Pahang
Team Sports & Fields,4.4,EV Arena Elmina,Selangor
Team Sports & Fields,4.9,Tunas Badminton Sports Centre,Negeri Sembilan
Recreation Centers,4.6,Pronet Sport Centre,Negeri Sembilan
Other Outdoor & Lawn Sports,3.5,Yosin Badminton Court 2 (Previously known as Elite Sports),Selangor
Recreation Centers,4.8,Mini Mak Chili Stadium,Terengganu
Team Sports & Fields,4.4,Footballhub @ Eco Grandeur,Selangor
Recreation Centers,4.2,Esplanade Bowl Kg. Koh,Perak
Other Outdoor & Lawn Sports,3.9,Elite Futsal and Badminton,Perak
Team Sports & Fields,4.7,FR Badminton Sports,Selangor
Recreation Centers,4.8,Dewan Badminton Haji Amir,Terengganu
Other Outdoor & Lawn Sports,5.0,Tupah Sports Centre,Kedah
Recreation Centers,4.7,Batu Berendam Badminton Hall,Melaka
Team Sports & Fields,3.8,UIA Football Turf,Kuala Lumpur
Recreation Centers,4.4,BB Sports Park,Kuala Lumpur
Gyms & Studios,4.2,Level Up Fitness Xpress Marina Square (24 Hour Gym),Sarawak
Gyms & Studios,4.2,Kapten Gym,Negeri Sembilan
Ball Sports,4.8,AS Futsal Tok Jembal,Terengganu
Ball Sports,4.9,Miya Futsal Sport Centre,Terengganu
Ball Sports,4.8,Futsal Arena Alam,Johor
Gyms & Studios,5.0,BFT Damansara Heights,Kuala Lumpur
Recreation Centers,4.5,雪兰莪兿峰龍獅體育會 Persatuan Sukan Ngai Fong Ampang Selangor,Selangor
Recreation Centers,4.4,Sakura Spa,Kuala Lumpur
Golf & Driving Ranges,4.8,Wedge Range PJ,Selangor
Golf & Driving Ranges,5.0,VSE GOLF RANGE SIMULATOR,Selangor
Golf & Driving Ranges,5.0,Underpar Driving Range,Pahang
Skating & Rinks,4.1,Blue Ice Snow Park @ Pavilion Bukit Jalil,Kuala Lumpur
Fishing & Hunting,3.3,Kolam Pancing MV Air Masin,Selangor
Saunas & Spas,4.8,Genki Wellness Centre & Japanese Spa,Other
Saunas & Spas,4.9,Crystal Leaf Beauty SPA,Johor
Gyms & Studios,4.2,AP GYM & FITNESS,Johor
Gyms & Studios,4.8,Kong Gym and Body Building Centre,Negeri Sembilan
Gyms & Studios,4.8,Pro-Fit Fitness Studio (1-on-1 Personal Training Private Studio),Kuala Lumpur
Other Outdoor & Lawn Sports,4.7,TOP GRACE ARENA SPORT,Sabah
Gyms & Studios,4.4,AFC Athlete Fitness Centre,Johor
Gyms & Studios,4.4,Cobra Gym Express Seksyen 32 Shah Alam 24 Hour Fitness,Selangor
Fishing & Hunting,4.5,TCE Tackles Sdn Bhd,Sabah
Gyms & Studios,4.4,Max Power Gym & Fitness Studio,Kedah
Fishing & Hunting,3.9,Kolam Memancing PokNik,Pahang
Other Outdoor & Lawn Sports,4.4,Master Badminton Club (MBC) Klebang,Perak
Gyms & Studios,4.2,Transform Gym Battle Zone,Johor
Gyms & Studios,4.7,Anytime Fitness Eco Sky,Selangor
Recreation Centers,4.4,Kuala Lumpur Sports City,Kuala Lumpur
Gyms & Studios,3.9,Celebrity Fitness - MyTOWN Shopping Centre,Kuala Lumpur
Gyms & Studios,4.4,Myraz Gym & Studio,Selangor
Recreation Centers,3.4,Subang Racquet & Golf Center,Selangor
Gyms & Studios,4.3,Believe Fitness BMC Mall,Selangor
Fishing & Hunting,4.1,Kolam Pancing Udang Galah Mileseven Ijok,Selangor
Fishing & Hunting,4.1,TCE Tackles Sdn Bhd,Kelantan
Fishing & Hunting,4.2,TCE Tackles Sdn Bhd,Perak
Fishing & Hunting,4.0,TCE Tackles Sdn Bhd,Perak
Fishing & Hunting,4.2,TCE Tackles Sdn Bhd,Kuala Lumpur
Other Outdoor & Lawn Sports,4.8,Yiko Badminton Sarikei,Sarawak
Fishing & Hunting,4.2,TCE Tackles Sdn Bhd,Kelantan
Gyms & Studios,4.6,Anytime Fitness Setia Tropika,Johor
Gyms & Studios,4.8,Cowboy Fitness Taman Pelangi Johor Bahru,Johor
Other Outdoor & Lawn Sports,4.0,KAS Kepong Arena Sports,Kuala Lumpur
Fishing & Hunting,4.8,TCE Tackles Sdn Bhd,Sabah
Gyms & Studios,3.8,Mighty Fitness Gym,Pahang
Gyms & Studios,4.8,CLUBALOHA (Plaza Damas),Kuala Lumpur
Golf & Driving Ranges,4.0,"Darulaman Golf & Country Club, DGCC",Kedah
Gyms & Studios,4.7,Level Up Fitness MJC Papillon (Premium 24-Hour Gym),Sarawak
Ball Sports,4.1,Masterscaff Indoor Paka,Terengganu
Gyms & Studios,4.9,Kampung Gym (Seelong Branch),Johor
Fishing & Hunting,4.6,TCE Tackles Sdn Bhd,Kedah
Golf & Driving Ranges,4.1,Terengganu Royal Golf Club,Terengganu
Ball Sports,4.0,Brothers Futsal Centre,Selangor
Gyms & Studios,4.9,Mayi Ayur Yoga,Selangor
Gyms & Studios,3.9,Surya Yoga bukit tinggi,Selangor
Gyms & Studios,4.3,"DEWAN BADMINTON D'BARUH MURING, BINJAI BONGKOK",Terengganu
Gyms & Studios,4.0,Top Speed Fitness - Subang Jaya,Selangor
Recreation Centers,4.5,ALTEC Table Tennis,Selangor
Saunas & Spas,4.7,V Spa Reflexology,Sarawak
Fishing & Hunting,3.9,TCE Tackles Sdn Bhd,Sarawak
Fishing & Hunting,4.5,LEE'S TACKLE HOME MIRI,Sarawak
Shooting & Gun Ranges,5.0,Pusat Latihan Pasukan Gerakan Am,Perak
Gyms & Studios,4.5,Cobra Gym Express Bukit Tinggi 24 Hour Fitness,Selangor
Gyms & Studios,4.1,Synergy Fitness Seri Kembangan,Selangor
Fishing & Hunting,4.2,TCE Tackles Sdn Bhd,Other
Team Sports & Fields,4.5,UM Varsity Green,Kuala Lumpur
Other Outdoor & Lawn Sports,4.2,Yosin Kampung Subang Court,Selangor
Recreation Centers,4.2,The Parenthood @ Sunway Pyramid,Selangor
Gyms & Studios,4.3,Infinity Line Fitness,Perak
Fishing & Hunting,4.2,Eng Kwang Temerloh,Pahang
Gyms & Studios,4.6,Level Up Fitness Xpress AEON Kuching Central (24-Hour Gym),Sarawak
Gyms & Studios,4.5,Vo2 Energym,Johor
Recreation Centers,4.2,Kompleks Belia Dan Sukan Negeri Sembilan,Negeri Sembilan
Recreation Centers,4.1,Kudat Sports Complex,Sabah
Gyms & Studios,4.0,Anytime Fitness Impiria Bukit Tinggi,Selangor
Fishing & Hunting,4.3,TCE Tackles Sdn Bhd,Kedah
Recreation Centers,4.0,Rally Melaka,Melaka
Recreation Centers,4.1,Frenzy Sports Arena,Selangor
Gyms & Studios,4.7,CrossFit Pahlawan,Selangor
Fishing & Hunting,4.1,TFC FISHING TACKLE SDN BHD,Pahang
Golf & Driving Ranges,4.0,Puncak Alam Golf Driving Range,Selangor
Team Sports & Fields,4.4,JSA Arena,Selangor
Gyms & Studios,4.8,The LOFT Fitness,Melaka
Racquet & Club Sports,4.3,Akademi Tenis Johor (Nusa Duta Tennis Complex),Johor
Other Outdoor & Lawn Sports,4.1,Sport 100 Badminton Center,Selangor
Fishing & Hunting,4.3,ANGLERS' TACKLES,Sarawak
Gyms & Studios,4.7,The Olympic Gym,Other
Golf & Driving Ranges,3.8,UniPutra Golf Club,Selangor
Recreation Centers,4.3,The Challenger Sport Centre AMPANG (Book with AFA app),Selangor
Fishing & Hunting,3.6,Sanwa Aquatics (KL) Sdn Bhd (Strictly on Wholesale Only),Selangor
Golf & Driving Ranges,4.4,The Mines Resort & Golf Club,Selangor
Golf & Driving Ranges,4.1,Tiara Melaka Golf & Country Club,Melaka
Ball Sports,4.4,De Stadium Futsal KB (wakaf bharu),Kelantan
Gyms & Studios,4.6,Workout Station,Perak
Other Outdoor & Lawn Sports,4.2,Haslina Badminton Hall,Kelantan
Fishing & Hunting,4.5,Fymac Fishing Tackle,Johor
Gyms & Studios,4.5,Iron Fitness & Gym,Kuala Lumpur
Gyms & Studios,3.8,Fitness First Gym - NU Empire,Selangor
Gyms & Studios,4.8,Fuel Athletics,Kuala Lumpur
Other Outdoor & Lawn Sports,4.0,Michael's Badminton Academy @ Bukit Puchong,Selangor
Gyms & Studios,4.2,G Force Gym and Fitness Centre Puncak Alam,Selangor
Gyms & Studios,4.9,Yogshakti,Kuala Lumpur
Gyms & Studios,4.8,I Muscles Fitness,Perak
Recreation Centers,4.3,Marina Putrajaya,Putrajaya
Fishing & Hunting,4.6,TCE Tackles Sdn Bhd,Perak
Gyms & Studios,3.6,Fitness First Gym - Klang Bukit Tinggi,Selangor
Other Outdoor & Lawn Sports,3.9,99 Apacs Badminton Centre,Johor
Gyms & Studios,3.7,Max Gym,Sarawak
Gyms & Studios,4.1,Enrich Fitness,Selangor
Fishing & Hunting,4.3,TCE Tackles Sdn Bhd,Sabah
Recreation Centers,4.0,"Amigo Clubhouse @ 16 Sierra, Puchong South",Selangor
Recreation Centers,4.3,Sports Arena Sentosa,Kuala Lumpur
Gyms & Studios,3.0,Bard Gym,Kelantan
Gyms & Studios,4.1,"Peak Fitness SOGO, KL City Centre",Kuala Lumpur
Fishing & Hunting,4.3,Fisher Tackles Sdn. Bhd.,Selangor
Recreation Centers,3.9,Kompleks 3K MBSJ,Selangor
Other Outdoor & Lawn Sports,4.0,CT Long Badminton Academy,Kedah
Fishing & Hunting,4.3,Bemban Fishing Club,Kedah
Gyms & Studios,4.5,Hangout Community (Metro Avenue),Other
Other Outdoor & Lawn Sports,4.0,Dewan Badminton Ko,Selangor
Other Outdoor & Lawn Sports,4.0,GR Sports Centre ( piabetainton Centre ),Negeri Sembilan
Recreation Centers,4.3,Arena Sukan,Sarawak
Golf & Driving Ranges,4.2,Damai Golf And Country Club,Sarawak
Gyms & Studios,5.0,Sakthi School of Yoga,Selangor
Fishing & Hunting,4.3,TCE Tackles Sdn Bhd,Pahang
Golf & Driving Ranges,3.9,Mountain View Golf Resort,Other
Gyms & Studios,4.1,Body Factory Gym & Fitness Centre,Selangor
Gyms & Studios,4.6,Red Gym & Fitness Centre,Perak
Fishing & Hunting,4.1,TCE Tackles Sdn Bhd,Kedah
Recreation Centers,4.8,Arena Sukan Kuala Lumpur ( ASKL ),Kuala Lumpur
Saunas & Spas,4.4,The Club @ IJM Rimbayu,Selangor
Other Outdoor & Lawn Sports,3.9,Ara Court Badminton Hall,Selangor
Other Outdoor & Lawn Sports,3.8,Next Revenue Badminton Hall (Book with AFA),Kuala Lumpur
Gyms & Studios,4.9,LifenFitness Seventeen,Selangor
Recreation Centers,3.9,"Pusat Akuatik Hang Jebat,",Other
Recreation Centers,3.9,Sunway Sports Center,Other
Gyms & Studios,4.1,Fat 2 Fit,Selangor
Fishing & Hunting,3.5,Kolam Pancing Kelimas Enterprise,Perak
Recreation Centers,4.8,Mission-Q Escape Room,Selangor
Recreation Centers,4.0,Central Park Dataran Sunway,Selangor
Fishing & Hunting,4.1,TCE Tackles Sdn Bhd,Terengganu
Fishing & Hunting,4.1,D Joran Bagus,Johor
Gyms & Studios,4.2,Gympark Fitness HQ,Selangor
Fishing & Hunting,4.5,TCE Tackles Sdn Bhd,Selangor
Other Outdoor & Lawn Sports,4.0,Permata Sports Complex,Other
Gyms & Studios,4.7,"24-Hour Gym: Anytime Fitness Damansara Jaya, Atria Shopping Gallery.",Selangor
Paintball & Laser,4.7,Mudtrekker Paintball Park,Selangor
Recreation Centers,4.2,SUK Selangor Sports Complex,Selangor
Recreation Centers,4.0,Sport City Indahpura,Johor
Gyms & Studios,4.6,Aero Gym and Fitness Centre,Johor
Recreation Centers,3.9,Kompleks 3K MBSJ Serdang Raya,Selangor
Gyms & Studios,4.1,Power Master Gym & Fitness,Other
Fishing & Hunting,4.2,KBS Tackle Sdn Bhd,Sabah
Recreation Centers,4.3,All Stars Futsal,Negeri Sembilan
Fishing & Hunting,4.2,TCE Tackles Sdn Bhd,Johor
Fishing & Hunting,4.2,Mei Jia Mini Market,Negeri Sembilan
Skating & Rinks,4.0,"AU5 , KERAMAT,SKATEPARK",Selangor
Gyms & Studios,5.0,Curves Bandar Sri Damansara,Kuala Lumpur
Fishing & Hunting,4.2,TCE Tackles Sdn Bhd,Other
Fishing & Hunting,4.3,Chia Fishing Tackle Trading,Selangor
Gyms & Studios,4.2,Anytime Fitness Metro Prima Kepong - 24 Hour Gym,Kuala Lumpur
Gyms & Studios,3.8,Star Fitness Damansara,Selangor
Gyms & Studios,4.8,Curves Sunway Nexis,Selangor
Fishing & Hunting,4.7,Yoshaa Fishing Store,Negeri Sembilan
Recreation Centers,4.3,GSS Global Sports Solution,Other
Fishing & Hunting,4.3,TCE Tackles Sdn Bhd,Selangor
Recreation Centers,4.8,RNJ SWIMMING ACADMEY (KEPONG BRANCH) (formerly known as Swim Splash Academy),Kuala Lumpur
Fishing & Hunting,4.3,TCE Tackles Sdn Bhd,Perak
Other Outdoor & Lawn Sports,4.2,Cha Yong Badminton Center,Johor
Golf & Driving Ranges,3.5,Gemas Golf Resort,Negeri Sembilan
Fishing & Hunting,4.2,Kolam Memancing Batu Arang 123,Selangor
Other Outdoor & Lawn Sports,4.4,INF Badminton Court | Jalan Fatimah | 鼎立羽球场,Johor
Team Sports & Fields,4.0,YTP Sports Arena,Selangor
Gyms & Studios,4.3,Lifestyle Gym,Sarawak
Gyms & Studios,4.3,Cobra Gym Express Senawang 24 Hour Fitness,Negeri Sembilan
Recreation Centers,4.1,X Park Sunway City Ipoh,Perak
Fishing & Hunting,4.2,TCE Tackles Sdn Bhd,Perak
Fishing & Hunting,4.0,Perniagaan Cabaran Belantara,Kedah
Gyms & Studios,4.8,Triple T Boxing Academy,Selangor
Fishing & Hunting,4.1,TCE Tackles Sdn Bhd,Selangor
Gyms & Studios,4.9,Seven Star Gym & Fitness,Penang
Golf & Driving Ranges,3.8,Bandar Utama Golf Course,Selangor
Fishing & Hunting,3.6,Fish Garden Sungai Janggut Jeram,Selangor
Gyms & Studios,4.9,Koryo Taekwondo Club Bandar Bukit Raja Klang (Koryo Taekwondo Excellence Centre),Selangor
Golf & Driving Ranges,4.0,Bukit Kemuning Golf & Country Resort,Selangor
Gyms & Studios,4.6,ABOVE FITNESS RAWANG,Selangor
Recreation Centers,4.1,Mahkota Hills Club House,Negeri Sembilan
Martial Arts & Dojos,4.9,ATSA Sabah Taekwondo,Sabah
Gyms & Studios,4.4,Olympic Sports & Fitness Sdn Bhd,Penang
Gyms & Studios,4.6,Body Engineers Fitness,Selangor
Saunas & Spas,4.3,Tambun Herbal Sauna,Penang
Fishing & Hunting,4.5,TCE Tackles Sdn Bhd,Johor
Other Outdoor & Lawn Sports,4.0,Pro One Badminton Court,Selangor
Golf & Driving Ranges,4.0,Batu Pahat Golf Club,Johor
Shooting & Gun Ranges,4.0,PLSC GEL BLASTER MALAYSIA,Selangor
Fishing & Hunting,4.1,Kolam Pancing Udang Galah kg subang,Selangor
Gyms & Studios,4.4,Lite Fitness Raub,Pahang
Gyms & Studios,4.8,M factory Gym,Johor
Fishing & Hunting,3.9,Trobong Bay,Sabah
Gyms & Studios,4.3,Futsal MG2 Teras Jernang,Selangor
Gyms & Studios,4.4,"Gympark Fitness, Klang Utama",Selangor
Golf & Driving Ranges,4.4,MST Golf Super Store Plaza Shell,Sabah
Recreation Centers,4.5,Hutan Lipur Ulu Bendul,Negeri Sembilan
Other Outdoor & Lawn Sports,4.3,Master Badminton Club (MBC) Gunung Rapat,Perak
Gyms & Studios,4.1,Our Gym,Selangor
Gyms & Studios,4.6,"Gympark Fitness, PJ222",Selangor
Gyms & Studios,4.8,LifenFitness Bukit Bintang,Kuala Lumpur
Fishing & Hunting,4.4,TCE Tackles Sdn Bhd,Terengganu
Fishing & Hunting,3.7,Kolam Pancing Air Masin ADURO,Selangor
Other Outdoor & Lawn Sports,4.4,Dewan Badminton Game Point,Johor
Other Outdoor & Lawn Sports,4.1,badminton court,Johor
Golf & Driving Ranges,4.0,Samarahan Country Club,Sarawak
Skating & Rinks,4.3,Shah Alam Extreme Park,Selangor
Gyms & Studios,3.5,Celebrity Fitness Gym - Endah Parade,Kuala Lumpur
Fishing & Hunting,3.8,Kolam Pancing Big Boss,Selangor
Recreation Centers,4.0,TS Sport Complex Sdn. Bhd.,Johor
Recreation Centers,4.1,Falim Sports Centre,Perak
Fishing & Hunting,4.1,Kolam Memancing Udang Galah Abang Roi,Selangor
Golf & Driving Ranges,3.6,Bukit Banang Golf & Country Club,Johor
Fishing & Hunting,4.1,TCE Tackles Sdn Bhd,Kedah
Fishing & Hunting,4.3,TCE Tackles Sdn Bhd,Selangor
Fishing & Hunting,4.2,TCE Tackles Sdn Bhd,Sarawak
Gyms & Studios,4.2,Anytime Fitness Tamarind Square,Selangor
Gyms & Studios,3.9,Pura Kencana Swimming Pool,Johor
Golf & Driving Ranges,4.1,Penang Golf Club,Other
Saunas & Spas,3.4,Oops! Gym Steam and Sauna,Kuala Lumpur
Gyms & Studios,4.4,One More Rep Gymnasium Sri Serdang,Selangor
Recreation Centers,3.9,The Sports Barn PJ,Selangor
Gyms & Studios,3.9,The Optimum Fitness Centre,Kedah
Recreation Centers,4.2,Batu Berendam Badminton,Melaka
Skating & Rinks,4.3,Sunway Pyramid Ice,Selangor
Gyms & Studios,4.4,Equine Park Fitness Seri Kembangan,Selangor
Recreation Centers,4.5,W.O.S Petaling Jaya,Selangor
Golf & Driving Ranges,3.8,Orna Golf & Country Club,Melaka
Fishing & Hunting,4.3,1stopfishing Shah Alam,Selangor
Other Outdoor & Lawn Sports,3.7,Kajang United BC (KUBC),Selangor
Gyms & Studios,4.6,D'Popeye Gym,Kuala Lumpur
Gyms & Studios,4.3,Level Up Fitness Xpress Kuala Terengganu,Terengganu
Golf & Driving Ranges,4.1,Impian Golf & Country Club,Selangor
Fishing & Hunting,4.0,TCE Tackles Sdn Bhd,Kedah
Gyms & Studios,4.7,Muscle Construct Gym,Kedah
Gyms & Studios,4.5,SEVEN STAR GYM GELUGOR,Other
Recreation Centers,4.1,Shah Alam Badminton Centre,Selangor
Recreation Centers,4.4,Kompleks Sukan USM,Other
Recreation Centers,4.2,Winning Futsal,Other
Paintball & Laser,4.5,Cyberjaya Paintball Park,Other
Recreation Centers,4.1,Ultimate Sporthaus,Negeri Sembilan
Golf & Driving Ranges,4.8,Leonian Malaysia Sdn Bhd (HQ),Selangor
Fishing & Hunting,4.7,TCE Tackles Sdn Bhd,Kedah
Martial Arts & Dojos,4.8,Monarchy MMA | Bangsar Branch,Kuala Lumpur
Fishing & Hunting,4.4,Blue Water,Johor
Gyms & Studios,4.6,Villain Barbell Club,Selangor
Recreation Centers,4.3,Kompleks Sukan PKNS,Selangor
Gyms & Studios,4.8,FitLab Studio & Gym,Negeri Sembilan
Other Outdoor & Lawn Sports,3.8,USJ 23 Badminton Court,Selangor
Golf & Driving Ranges,4.1,Bangi Golf Resort,Selangor
Golf & Driving Ranges,4.1,Ponderosa Golf & Country Resort,Johor
Racquet & Club Sports,4.4,Tun Razak National Tennis Centre - Jalan Duta,Kuala Lumpur
Gyms & Studios,4.8,Kungfu Dojo Sabah,Sabah
Fishing & Hunting,4.2,Hulu Langat Fishing Resort & Restaurant,Selangor
Fishing & Hunting,4.0,Hasya Joran,Selangor
Fishing & Hunting,4.7,Heartcore Angler,Selangor
Gyms & Studios,4.2,Level Up Fitness Xpress BDC (24-Hour Gym),Sarawak
Gyms & Studios,4.6,FOR U FITNESS,Kedah
Golf & Driving Ranges,4.0,Kota Damansara Driving Range,Selangor
Water & Aquatic Sports,4.4,Brader Rosly Island Hopping,Kedah
Fishing & Hunting,4.2,TCE Tackles Sdn Bhd,Johor
Ball Sports,4.8,Patikang Futsal Club,Sabah
Fishing & Hunting,4.2,TCE Tackles Sdn Bhd,Johor
Recreation Centers,4.4,X Park Sendayan,Negeri Sembilan
Gyms & Studios,4.7,Infinity Gym Fitness,Kedah
Other Outdoor & Lawn Sports,4.1,OUG Shuttle Bug Sports Centre,Kuala Lumpur
Gyms & Studios,4.9,DR Y & S FITNESS CENTRE KK,Selangor
Fishing & Hunting,4.2,Kolam Pancing KMK,Kedah
Gyms & Studios,4.4,EXCELL GYM FITNESS CENTER LARKIN IDAMAN,Johor
Gyms & Studios,4.7,Aurora Studio,Selangor
Fishing & Hunting,4.2,TCE Tackles Sdn Bhd,Sarawak
Gyms & Studios,4.6,U-Fitness Gym Centre,Johor
Gyms & Studios,4.0,BELIEVE FITNESS ATIVO PLAZA,Kuala Lumpur
Recreation Centers,4.3,Elements Badminton Court,Selangor
Gyms & Studios,4.7,Gym Story Fitness Centre,Johor
Ball Sports,3.9,Futsal Kg.melayu Subang,Selangor
Other Outdoor & Lawn Sports,3.8,Fairview Eduresort @ Port Dickson,Negeri Sembilan
Fishing & Hunting,4.3,TCE Tackles Sdn Bhd,Kedah
Gyms & Studios,4.5,Angelus Fitness Metrocity,Sarawak
Other Outdoor & Lawn Sports,4.5,Forum Klang Badminton Centre,Selangor
Gyms & Studios,4.0,GoFit - Central i-City Mall,Selangor
Golf & Driving Ranges,3.6,Mines Driving Range,Selangor
Gyms & Studios,4.5,Star Gym Health Centre Kuantan,Pahang
Other Outdoor & Lawn Sports,4.3,Lavana 2 Sports Centre (Subang),Selangor
Fishing & Hunting,3.9,TCE Tackles Sdn Bhd,Kedah
Gyms & Studios,4.8,Fitnacle Subang,Selangor
Gyms & Studios,4.3,"Peak Fitness Citta Mall, Ara Damansara",Selangor
Saunas & Spas,4.8,Kama'A Rejuvenation & Wellbeing Spa,Sabah
Saunas & Spas,4.3,Jari Bayu Spa & Reflexology,Sabah
Gyms & Studios,4.6,RFC Fitness,Kuala Lumpur
Fishing & Hunting,4.4,TCE Tackles Sdn Bhd,Johor
Gyms & Studios,3.8,Fitness First Gym - Setia City Mall,Selangor
Team Sports & Fields,4.3,Footballhub @ Twentyfive.7,Selangor
Fishing & Hunting,4.0,TCE Tackles Sdn Bhd,Sabah
Team Sports & Fields,4.5,"Hockey Stadium, Universiti Sains Malaysia",Penang
Fishing & Hunting,4.4,TCE Tackles Sdn Bhd,Sarawak
Recreation Centers,4.1,Futsalhub @ Sunsuria Avenue,Selangor
Other Outdoor & Lawn Sports,4.4,Master Badminton Club | MBC | Jalan Kuala Kangsar,Perak
Recreation Centers,4.4,MBPP Relau Sport Complex,Other
Fishing & Hunting,4.1,TCE Tackles Sdn Bhd,Negeri Sembilan
Fishing & Hunting,4.2,TCE Tackles Sdn Bhd,Melaka
Fishing & Hunting,4.2,TCE Tackles Sdn Bhd,Sabah
Fishing & Hunting,4.3,TCE Tackles Sdn Bhd,Kedah
Fishing & Hunting,4.1,TCE Tackles Sdn Bhd,Pahang
Ball Sports,4.0,KB Futsal Arena,Kelantan
Gyms & Studios,4.5,Fitness Star,Perak
Fishing & Hunting,4.3,TCE Tackles Sdn Bhd,Perak
Gyms & Studios,4.8,Anytime Fitness Sunway Big Box,Johor
Gyms & Studios,4.7,Underground Fitness,Kuala Lumpur
Gyms & Studios,4.9,Hitfat,Kelantan
Gyms & Studios,5.0,TiJay Sports (TJS) Gymnastics Academy,Selangor
Golf & Driving Ranges,4.3,Palm Garden Golf Club,Putrajaya
Other Outdoor & Lawn Sports,4.3,Balakong Badminton Sports Center,Selangor
Fishing & Hunting,4.4,ZM Pro Fishing Shop- menjual peralatan memancing,Other
Recreation Centers,4.2,Proshuttle Balakong Badminton Court,Selangor
Fishing & Hunting,3.7,TCE Tackles Sdn Bhd,Kedah
Recreation Centers,4.1,KSL Sports,Selangor
Gyms & Studios,4.9,Pinnacle Fitness,Kuala Lumpur
Gyms & Studios,4.0,Fitworx Fitness Centre @ Amcorp Mall,Selangor
Gyms & Studios,4.3,MYSA Futsal & Gym,Pahang
Other Outdoor & Lawn Sports,4.5,Champion Badminton Courts & Pro Shop,Sarawak
Gyms & Studios,4.6,TLS Fitness Center Sdn Bhd,Selangor
Gyms & Studios,4.7,Furious Bootcamp,Kuala Lumpur
Gyms & Studios,4.4,Level Up Fitness City Mall (Premium 24-Hour Gym),Sabah
Golf & Driving Ranges,3.8,MST Golf Pelangi Driving Range,Johor
Gyms & Studios,3.6,Level Up fitness Segamat,Johor
Gyms & Studios,5.0,Life Hot Yoga @ Mont Kiara,Kuala Lumpur
Fishing & Hunting,4.1,Kedai Pancing Perniagaan Ewatt - Cawangan Jerteh,Terengganu
Ball Sports,4.3,Champion Futsal Court,Sarawak
Other Outdoor & Lawn Sports,4.0,Three Brother Ooi Sports Centre,Kedah
Fishing & Hunting,4.2,JPS TACKLE,Johor
Recreation Centers,4.4,Spacerubix,Selangor
Gyms & Studios,4.6,Seven Star gym Relau,Penang
Gyms & Studios,3.8,First Traxx Ski Snowboard,Selangor
Golf & Driving Ranges,4.2,Air Force Recreation Club,Selangor
Recreation Centers,4.6,Jump Street Asia (Kuala Lumpur),Selangor
Gyms & Studios,4.2,Level Up Fitness Xpress SkyArena (24-Hour Gym),Sabah
Ball Sports,4.2,Sports Prima Sdn Bhd,Johor
Fishing & Hunting,4.1,TCE Tackles Sdn Bhd,Melaka
Fishing & Hunting,4.8,Wela Trading,Kelantan
Other Outdoor & Lawn Sports,4.2,Prima Badminton Centre,Selangor
Fishing & Hunting,4.1,TCE Tackles Sdn Bhd,Perak
Recreation Centers,4.1,Youth and Sports Complex of Johor,Johor
Gyms & Studios,3.6,Anytime Fitness Sunway Geo,Selangor
Gyms & Studios,4.5,FitClub 24-Hour Gym,Selangor
Golf & Driving Ranges,3.9,MST Golf Outlet Store Kelana Parkview,Selangor
Gyms & Studios,4.7,Anytime Fitness High Park Suite Kelana Jaya,Selangor
Gyms & Studios,4.1,Anytime Fitness,Selangor
Other Outdoor & Lawn Sports,3.7,Michael's Badminton Academy @ Port Dickson,Negeri Sembilan
Gyms & Studios,4.2,Fitness by Platinum Pro Gym,Selangor
Gyms & Studios,4.7,XZone Futsal Center,Terengganu
Fishing & Hunting,4.6,TCE Tackles Sdn Bhd,Sarawak
Fishing & Hunting,4.8,Ruat Derhaka,Johor
Fishing & Hunting,4.5,Zinc Fishing Tackle Sdn Bhd,Kuala Lumpur
Gyms & Studios,4.5,Burning Jack Fitness Studio,Selangor
Fishing & Hunting,4.3,Kolam Pancing Udang RIINFA Hulu Langat,Selangor
Recreation Centers,4.8,SuperPark Malaysia,Kuala Lumpur
Gyms & Studios,4.0,The Iron Gym,Selangor
Gyms & Studios,4.7,Anytime Fitness Shaftsbury Putrajaya,Putrajaya
Team Sports & Fields,4.4,Setia Alam Badminton Arena,Selangor
Fishing & Hunting,4.2,Chop Kim Tong Hoe,Selangor
Gyms & Studios,4.9,Coliseum Fitness,Selangor
Gyms & Studios,4.9,"Savage Gears Gym (Taman SEA, PJ)",Selangor
Gyms & Studios,4.6,High Reps Gym & Fitness,Penang
Gyms & Studios,4.4,Cobra Gym Express Sg Udang Klang 24 Hour Fitness,Selangor
Gyms & Studios,3.8,Celebrity Fitness Gym - Bangsar Village 2,Kuala Lumpur
Other Outdoor & Lawn Sports,4.0,Super Sports Badminton,Johor
Recreation Centers,4.2,Futsal Complex Presint 18,Putrajaya
Gyms & Studios,3.9,Fitness First Gym - The Curve,Selangor
Golf & Driving Ranges,4.0,Tanjong Puteri Golf B/C course,Johor
Gyms & Studios,3.7,CATS Fitness Gym (CFG),Kedah
Racquet & Club Sports,4.8,Ace Tennis Academy (M) Sdn. Bhd.,Selangor
Gyms & Studios,4.2,De X Gym Fitness & Studio,Sarawak
Recreation Centers,4.3,Kelab Sosial Dan Rekreasi Lembaga Pelabuhan Kelang,Selangor
Gyms & Studios,4.9,LifenFitness TTDI,Kuala Lumpur
Recreation Centers,3.9,Kolam Pancing Udang Harimau GP,Selangor
Gyms & Studios,4.7,FireFit - Batai Village | Fire Station 1,Kuala Lumpur
Fishing & Hunting,4.1,TCE Tackles Sdn Bhd,Pahang
Gyms & Studios,4.7,House Of Champions MY,Selangor
Fishing & Hunting,4.4,IGFA Fishing Sports Enterprise,Selangor
Fishing & Hunting,4.2,Yee Sport Fishing,Selangor
Ball Sports,4.3,Padang Bola Sepak UiTM Seremban,Negeri Sembilan
Fishing & Hunting,4.2,TCE Tackles Sdn Bhd,Kedah
Gyms & Studios,3.5,Celebrity Fitness Gym - Sunway Pyramid,Selangor
Gyms & Studios,4.8,Fitness Score 24/7 Gym,Selangor
Gyms & Studios,3.7,Anytime Fitness PJ33,Selangor
Ball Sports,4.1,Best Bola-Bola Sport Centre,Penang
Recreation Centers,4.1,Maple Gold Recreation Center,Other
Recreation Centers,4.2,89 Arena Klang,Other
Fishing & Hunting,4.3,TCE Tackles Sdn Bhd,Kelantan
Ball Sports,4.2,R7 Futsal Centre,Perlis
Gyms & Studios,3.5,Pusat Bina Bodytalk Gym & Sauna,Perak
Fishing & Hunting,4.6,Siong Fishing Tackle,Selangor
Recreation Centers,4.2,Bubble Sports Complex Cheras,Selangor
Fishing & Hunting,4.0,TCE Tackles Sdn Bhd,Terengganu
Gyms & Studios,4.9,Seven Star Gym Batu Lancang,Penang
Fishing & Hunting,4.1,Real Fishing Tackle,Pahang
Gyms & Studios,4.8,Verticale Malaysia Sdn Bhd,Selangor
Fishing & Hunting,4.5,TCE Tackles Sdn Bhd,Johor
Golf & Driving Ranges,4.2,Palm Resort Golf & Country Club,Johor
Recreation Centers,4.1,Andalas Sports Complex,Selangor
Gyms & Studios,4.2,Celebrity Fitness Gym - Bukit Rimau,Selangor
Fishing & Hunting,4.4,Kedai Pancing Marang Tackle Ent,Terengganu
Gyms & Studios,4.4,KakiGym Kajang,Selangor
Team Sports & Fields,4.4,Olympia Badminton Arena,Sabah
Gyms & Studios,4.8,Revelation Republic,Selangor
Recreation Centers,4.7,Ranau Borneo Paragliding,Sabah
Gyms & Studios,4.2,Java And Fitness,Sarawak
Fishing & Hunting,4.4,TCE Tackles Sdn Bhd,Negeri Sembilan
Fishing & Hunting,4.4,Kolam Pancing Udang Galah Batu 8,Kedah
Recreation Centers,4.2,Chendering Futsal,Pahang
Fishing & Hunting,3.9,Telok Tongkah Enterprise,Selangor
Fishing & Hunting,4.9,SS2 Fishing Fever Angler,Selangor
Golf & Driving Ranges,4.1,Staffield Country Resort Bhd,Negeri Sembilan
Gyms & Studios,4.7,Project Rock Climbing Gym,Other
Recreation Centers,4.2,KHTP Sports Complex,Kedah
Fishing & Hunting,4.1,Usan Trading Company,Selangor
Recreation Centers,4.3,DMS Sports Centre,Selangor
Fishing & Hunting,4.5,Hup Lee Fishing Tackle,Johor
Fishing & Hunting,3.9,Kolam Pancing Syawal,Johor
Fishing & Hunting,4.4,SRI RAMPAI FISHING TACKLE,Kuala Lumpur
Golf & Driving Ranges,4.0,Kemaman Golf Driving Range,Terengganu
Recreation Centers,4.4,Pusat Sukan Universiti Malaya,Kuala Lumpur
Gyms & Studios,4.0,Gopi K-Mark Gym,Selangor
Gyms & Studios,4.5,Club27fitness,Johor
Gyms & Studios,4.9,KOA FITNESS,Kuala Lumpur
Golf & Driving Ranges,4.2,Carey Island Golf Club,Selangor
Gyms & Studios,4.7,Anytime Gym & Fitness,Sabah
Water & Aquatic Sports,4.3,Scuba Junkie,Sabah
Fishing & Hunting,4.5,TCE Tackles Sdn Bhd,Perak
Fishing & Hunting,4.4,TCE Tackles Sdn Bhd,Sarawak
Recreation Centers,4.2,Hamdhy & Co.,Selangor
Gyms & Studios,4.7,BKS IYENGAR YOGASHALA,Kuala Lumpur
Ball Sports,4.3,Galacticos de Futsal Ampang,Selangor
Ball Sports,4.3,Active Hydro Control Sdn Bhd,Selangor
Gyms & Studios,4.5,Anytime Fitness Bandar Utama (Centrepoint),Selangor
Gyms & Studios,4.2,Grand Fitness,Penang
Other Outdoor & Lawn Sports,4.2,DEWAN SERBA GUNA KAMPUNG SRI FAJAR,Pahang
Other Outdoor & Lawn Sports,4.3,KB | Kwok Bao | 國寶 Badminton Court,Perak
Fishing & Hunting,4.2,Heng Fishing Tackle,Johor
Gyms & Studios,4.4,"Peak Fitness Gurney Plaza, Penang",Other
Fishing & Hunting,4.4,Senwell Fishing Park,Perak
Other Outdoor & Lawn Sports,4.3,APACS BADMINTON CENTRE,Johor
Gyms & Studios,4.5,Ewako MMA,Sabah
Gyms & Studios,4.2,EZ Blast Gym,Kuala Lumpur
Fishing & Hunting,4.2,TCE Tackles Sdn Bhd,Terengganu
Fishing & Hunting,4.2,TCE Tackles Sdn Bhd,Selangor
Gyms & Studios,4.6,Burly Gym Fitness Centre,Johor
Gyms & Studios,4.7,关丹建造行武术醒狮团,Pahang
Fishing & Hunting,4.1,TCE Tackles Sdn Bhd,Penang
Other Outdoor & Lawn Sports,4.2,One Badminton Academy,Kuala Lumpur
Water & Aquatic Sports,4.5,Supersharkz Swim School @KotaDamansara,Selangor
Golf & Driving Ranges,4.1,Tanjong Puteri Golf and Resort,Johor
Other Outdoor & Lawn Sports,4.4,Just in Sports Centre,Johor
Gyms & Studios,3.5,Celebrity Fitness Gym - Klang Parade,Selangor
Gyms & Studios,4.9,Ozone Fitness,Selangor
Gyms & Studios,4.3,Dynamic Gym & Fitness Centre,Sarawak
Team Sports & Fields,4.5,Arena Jubli bangi,Selangor
Recreation Centers,3.4,D'Star Arena Complex,Selangor
Gyms & Studios,4.7,Journey Indoor Cycling Studio,Kuala Lumpur
Recreation Centers,3.6,Sungai Chua Food & Sports Centre,Selangor
Gyms & Studios,4.6,Anytime Fitness Seksyen 9 Shah Alam,Selangor
Recreation Centers,4.2,Lavana Sports Centre,Kuala Lumpur
Gyms & Studios,4.3,Hyperflex Fitness,Selangor
Ball Sports,4.1,DO ARENA 163,Kuala Lumpur
Gyms & Studios,4.9,The Little Gym of Petaling Jaya,Selangor
Golf & Driving Ranges,4.0,Kelab Golf Seri Selangor,Selangor
Gyms & Studios,4.5,Synergy Fitness Puchong,Selangor
Golf & Driving Ranges,3.9,Kulim Golf & Country Resort,Kedah
Fishing & Hunting,4.1,TCE Tackles Sdn Bhd,Other
Gyms & Studios,3.7,Anytime Fitness Nexis,Selangor
Golf & Driving Ranges,4.4,Kota Seriemas Golf & Country Club,Negeri Sembilan
Fishing & Hunting,3.8,TCE Tackles Bukit Indah,Johor
Gyms & Studios,4.4,FLYPROJECT - DC Mall,Kuala Lumpur
Gyms & Studios,4.5,Fitworx Fitness Centre @ Bukit Jelutong,Selangor
Martial Arts & Dojos,4.9,Kambiz Warriors Gym,Selangor
Gyms & Studios,3.9,Angelus Fitness Stapok,Sarawak
Gyms & Studios,4.9,Ultimate Gym - serious fitness,Kuala Lumpur
Gyms & Studios,4.2,Borneo Hardcore Gym,Sabah
Fishing & Hunting,4.6,Xin Cheng Enterprise,Sarawak
Golf & Driving Ranges,4.1,MST Golf Super Store Subang Jaya,Selangor
Gyms & Studios,4.0,Enrich Fitness,Selangor
Gyms & Studios,4.4,Team Powerhouse Fitness,Penang
Gyms & Studios,4.7,The Little Gym of Subang Jaya,Selangor
Gyms & Studios,4.4,Bodywork Fitness Centre,Perak
Gyms & Studios,4.3,Fitwhey Gym Malim,Melaka
Gyms & Studios,4.3,I-Gym Fitness,Sarawak
Fishing & Hunting,3.9,Nine Three Three Fishing Tackle Shop,Johor
Fishing & Hunting,4.4,Fishingline Tackle,Johor
Gyms & Studios,4.7,Camp5 Climbing Gym Paradigm,Johor
Skating & Rinks,4.3,Skatepark Bukit Kiara - Jabatan Belia & Sukan WP Kuala Lumpur,Kuala Lumpur
Other Outdoor & Lawn Sports,3.9,Sinamax Badminton Court,Selangor
Fishing & Hunting,4.3,Sport Line Pro Fishing Shop,Selangor
Water & Aquatic Sports,4.5,Vitesse Swim School (Seremban Swimming Lesson),Negeri Sembilan
Gyms & Studios,4.4,Permata Gym Resources,Selangor
Saunas & Spas,3.8,52 Forest Sauna & Massage,Kuala Lumpur
Recreation Centers,4.2,Kolam Air Panas La ( La Hot Springs),Terengganu
Gyms & Studios,4.0,Celebrity Fitness Gym - Main Place,Selangor
Other Outdoor & Lawn Sports,4.3,Puchong Sport Center,Selangor
Gyms & Studios,4.7,The Underdogs Strength & Conditioning,Other
Gyms & Studios,3.8,Fitness First Gym - IOI Mall Puchong,Selangor
Recreation Centers,4.2,The Malacca Club,Melaka
Golf & Driving Ranges,3.9,Bukit Jalil Golf & Country Resort,Kuala Lumpur
Fishing & Hunting,4.7,Moon Fishing Tackle,Selangor
Gyms & Studios,4.4,JuaraGym,Sabah
Fishing & Hunting,4.2,TCE Tackles Sdn Bhd,Kelantan
Gyms & Studios,4.2,iGP Fitness Centre,Johor
Gyms & Studios,4.3,FastTrack Gym & Fitness Centre,Kuala Lumpur
Recreation Centers,3.8,South Kedah Chinese Recreation Club,Kedah
Fishing & Hunting,3.9,Rumah Rakit Pak Itam,Selangor
Fishing & Hunting,4.0,TCE Tackles Sdn Bhd,Negeri Sembilan
Gyms & Studios,4.7,Camp5 Climbing Gym KL Eco City,Kuala Lumpur
Gyms & Studios,4.6,COLOSSEUM GYM,Johor
Recreation Centers,4.1,X Park Sunway South Quay,Selangor
Gyms & Studios,4.4,Fitness Arena,Perak
Other Outdoor & Lawn Sports,4.0,Sunsuria-Pioneer Badminton Hall,Selangor
Golf & Driving Ranges,4.0,Nilai Springs Golf & Country Club,Negeri Sembilan
Gyms & Studios,4.4,Level Up Fitness Xpress Town Square,Sarawak
Other Outdoor & Lawn Sports,4.4,Duta Squash Court,Kuala Lumpur
Gyms & Studios,4.8,"Gympark Fitness, Bandar Puteri",Selangor
Skating & Rinks,4.4,Blue Ice Skating Rink @ Paradigm Mall Johor Bahru,Johor
Recreation Centers,3.9,Kompleks Sukan Kota Belud,Sabah
Gyms & Studios,4.9,6 PAX FITNESS CENTRE JB,Johor
Recreation Centers,4.7,CHK Arena 赞化阁运动中心,Other
Fishing & Hunting,5.0,TCE Tackles Sdn Bhd,Terengganu
Gyms & Studios,4.9,Flash Fitness Gym & Sports Centre,Melaka
Saunas & Spas,4.7,Billion Onsen & Aesthetics - Luxury Spa Kuala Lumpur,Kuala Lumpur
Fishing & Hunting,4.7,"Rahman saudagar umpan Udang, Sotong, & Belanak Hidup",Negeri Sembilan
Fishing & Hunting,3.7,TCE Tackles Sdn Bhd,Kedah
Gyms & Studios,4.8,Anytime Fitness Boulevard Kajang,Selangor
Gyms & Studios,4.8,24-Hour Gym: Anytime Fitness Bandar Puteri Puchong @ IOI Rio,Selangor
Gyms & Studios,4.8,F1 FITNESS KUANTAN,Pahang
Gyms & Studios,4.9,Gym Box - #1 Biggest Gym at Setapak,Kuala Lumpur
Fishing & Hunting,4.3,Utama Farm Prawning,Selangor
Gyms & Studios,4.8,Anytime Fitness Sri Damansara,Kuala Lumpur
Gyms & Studios,4.5,Anytime Fitness Mount Austin,Johor
Recreation Centers,3.9,IOI Sports Centre,Putrajaya
Recreation Centers,4.5,Seriemas SportsPlex,Negeri Sembilan
Gyms & Studios,4.8,Real Fitness,Selangor
Gyms & Studios,4.5,Blitz Gym,Selangor
Skating & Rinks,4.3,Icescape,Putrajaya
Fishing & Hunting,4.5,Rumah Rakit Maraie Kg Padang Rumbia,Pahang
Golf & Driving Ranges,4.2,Kelab Golf Negara Subang,Selangor
Gyms & Studios,4.7,Suria Strong Fit Gym,Johor
Recreation Centers,4.7,Bubble Sports Complex Tebrau,Johor
Gyms & Studios,4.4,GoFit - Plaza Mont Kiara,Kuala Lumpur
Gyms & Studios,3.2,Fitness First Gym – 1 Mont Kiara,Kuala Lumpur
Gyms & Studios,4.9,Good Juju Barbell Club,Kuala Lumpur
Gyms & Studios,5.0,The One Fitness,Kuala Lumpur
Other Outdoor & Lawn Sports,4.6,Pickle Social Club,Kuala Lumpur
Gyms & Studios,4.5,BHub Bouldering,Selangor
Gyms & Studios,4.3,BUMP Bouldering Pavilion Bukit Jalil,Kuala Lumpur
Gyms & Studios,2.3,Anytime Fitness Ara Damansara (Dana13),Selangor
Gyms & Studios,3.8,Anytime Fitness Megah Rise,Selangor
Gyms & Studios,5.0,Lepak Gym,Selangor
Gyms & Studios,4.9,Fitnacle Kota Kemuning,Selangor
Gyms & Studios,4.9,Kampung Gym (Austin),Johor
Gyms & Studios,4.7,The Flow Studio - Yoga & Pilates | Bangsar,Kuala Lumpur
Gyms & Studios,4.8,Level Up Fitness Xpress Metrocity (24-Hour Gym),Sarawak
Recreation Centers,4.2,GoTeam Sports Complex,Selangor
Gyms & Studios,5.0,Believe Fitness Jaya Shopping Center,Selangor
Gyms & Studios,4.6,Anytime Fitness Bukit Bintang,Kuala Lumpur
Gyms & Studios,4.5,Anytime Fitness Jalan Ampang,Kuala Lumpur
Gyms & Studios,4.9,PUMP FITNESS KL,Kuala Lumpur
Gyms & Studios,4.8,Maxout Fitness PRO SERIES ( Bukit Mertajam ),Other
Gyms & Studios,4.9,TNT Fitness Pro,Selangor
Gyms & Studios,5.0,PUMP FITNESS SUBANG,Selangor
Gyms & Studios,4.9,"Republic Fitness KK, Centre Point Sabah",Sabah
Gyms & Studios,4.7,"24-Hour Gym: Anytime Fitness 16 Sierra Puchong, Sierra Fresco.",Selangor
Gyms & Studios,4.6,Jal Yoga Malaysia (Megah Rise Studio),Selangor
Golf & Driving Ranges,4.1,The Club Driving Range,Selangor
Gyms & Studios,4.3,R3 Fitness,Johor
Fishing & Hunting,4.3,TCE Tackles Sdn Bhd,Other
Fishing & Hunting,4.5,Sion Lee Trading Company,Sarawak
Other Outdoor & Lawn Sports,4.0,Champion Badminton Court,Selangor
Water & Aquatic Sports,4.3,Rainbow Runner Asia Sdn. Bhd,Selangor
Recreation Centers,4.6,Shark Fin Swim Academy,Selangor
Gyms & Studios,5.0,Jumpa D'Gym,Putrajaya
Other Outdoor & Lawn Sports,4.6,M SPORTS ARENA,Kuala Lumpur
Team Sports & Fields,4.4,"LaVista Arena, Bangi Resort Hotel",Selangor
Team Sports & Fields,4.5,Tops Arena Empire,Kuala Lumpur
Team Sports & Fields,4.3,Alpha Badminton Complex Bukit Serdang,Selangor
Team Sports & Fields,4.3,Setapak Badminton Centre,Kuala Lumpur
Other Outdoor & Lawn Sports,3.9,Optima Utama Sport Center,Selangor
Team Sports & Fields,4.3,CPS Serdang Badminton Centre,Selangor
Other Outdoor & Lawn Sports,4.5,Pusat Badminton 148,Pahang
Recreation Centers,4.4,One Tiger Arena,Selangor
Recreation Centers,4.1,Matrik Shuttle Court,Kuala Lumpur
Other Outdoor & Lawn Sports,4.7,Dewan Badminton Cikgu Nie,Kelantan
Other Outdoor & Lawn Sports,4.8,Satellite Sports Tampoi JB,Johor
Fishing & Hunting,4.7,TCE Tackles Sdn Bhd,Melaka
Fishing & Hunting,4.3,Kolam Pancing NSS Fishing Village 渔你同乐,Melaka
Fishing & Hunting,4.6,1stopfishing Bahau,Negeri Sembilan
Fishing & Hunting,4.5,TCE Tackles Sdn Bhd,Other
Fishing & Hunting,5.0,Ultralight Anglers Fishing Tackle,Perak
Fishing & Hunting,4.4,TCE Tackles Sdn Bhd,Selangor
Fishing & Hunting,5.0,Umpan udang hidup Kg Keluncur,Kedah
Fishing & Hunting,4.8,TCE Tackles Sdn Bhd,Kedah
Fishing & Hunting,4.7,TCE Tackles Sdn Bhd,Kedah
Fishing & Hunting,4.4,TCE Tackles Sdn Bhd,Sabah
Recreation Centers,4.4,Ha Megah Sports Arena (UNITEN),Selangor
Fishing & Hunting,4.2,Kolam Pancing Hari Hari Lai ( 天天来钓虾场),Selangor
Gyms & Studios,4.4,DFZ THE GYM,Johor
Gyms & Studios,4.7,Sweat Sweet Fit Ladies GYM & FITNESS CENTRE (Kulai),Johor
Gyms & Studios,4.8,Hypertrophy Maniac Gym & Fitness,Selangor
Gyms & Studios,4.7,Musclehub,Selangor
Gyms & Studios,4.6,Gym First @ XPark Tambun,Perak
Gyms & Studios,4.1,Core Fit Gym & Fitness Juru,Other
Gyms & Studios,4.8,Kyro Fitness Bundusan,Sabah
Recreation Centers,4.1,Aisyadelia Cottage Sandakan,Sabah
Gyms & Studios,3.9,Anytime Fitness Setia Alam - The Forum,Selangor
Recreation Centers,4.0,Bijak bersatu,Johor
Team Sports & Fields,4.9,KTC7 Mini Football Gong Badak,Terengganu
Gyms & Studios,4.9,Third Space Pilates - Pulau Tikus,Other
Gyms & Studios,4.9,Line Pilates & Academy,Kuala Lumpur
Recreation Centers,4.7,Kizsports & Gym @ Lotus’s Cheras,Kuala Lumpur
Recreation Centers,4.8,Kopikids Playcafe,Kedah
Saunas & Spas,3.9,BANGKOK SPA TAMAN SENTOSA,Johor
Other Outdoor & Lawn Sports,4.3,Anson Sport Centre,Perak
Fishing & Hunting,4.1,Kolam Pancing Udang Puchong 钓虾场 蒲种,Selangor
Team Sports & Fields,4.2,Gardens Arena,Selangor
Gyms & Studios,3.9,Flyproject - (Kapas Heights),Kuala Lumpur
Gyms & Studios,4.8,MUTANT LAB,Kuala Lumpur
Fishing & Hunting,5.0,Kolam Memancing Udang Harimau Ampangan,Negeri Sembilan
Fishing & Hunting,3.7,Pusat Memancing & Rekreasi A&A,Johor
Other Outdoor & Lawn Sports,4.2,Naam Kheung Cheras Badminton Centre,Kuala Lumpur
Gyms & Studios,4.0,Fitness First Gym - Avenue K,Kuala Lumpur
Team Sports & Fields,4.3,Kedah Badminton Association,Kedah
Fishing & Hunting,4.4,TCE Tackles Sdn Bhd,Other
Fishing & Hunting,4.6,W Fishing Station,Kuala Lumpur
Gyms & Studios,5.0,Curves Setia Alam,Selangor
Gyms & Studios,3.5,Celebrity Fitness Lotus’s Kepong,Kuala Lumpur
Recreation Centers,4.2,Manjung Indoor Sports Arena,Perak
Golf & Driving Ranges,3.9,MST Golf Pro Shop Glenmarie GCC,Selangor
Recreation Centers,4.8,Hi5 MYY,Sarawak
Gyms & Studios,4.6,Camp5 Climbing Gym,Selangor
Recreation Centers,3.8,Sport Complex Grand Kampar,Perak
Recreation Centers,4.0,Beach Republic,Sarawak
Gyms & Studios,4.4,Echogym Centre,Selangor
Gyms & Studios,4.8,Kompleks Sukan UNISEL,Selangor
Recreation Centers,4.1,Semambu Badminton Centre,Pahang
Fishing & Hunting,3.8,Northern Pro Tackle sdn bhd ( sungai petani ),Kedah
Ball Sports,4.2,UTC Sabah Futsal Court,Sabah
Recreation Centers,4.1,Sports Arena Puchong,Selangor
Team Sports & Fields,4.4,Sukan Arena Kuantan,Pahang
Gyms & Studios,4.6,VI FITNESS,Negeri Sembilan
Team Sports & Fields,4.1,"Manjung Badminton Club ( Manjung Point, Seri Manjung, Perak )",Perak
Recreation Centers,4.0,Permas Sports Complex,Johor
Fishing & Hunting,4.5,TCE Tackles Sdn Bhd,Sabah
Team Sports & Fields,4.1,Drago Arena Football Field,Melaka
Gyms & Studios,5.0,Atlantis Fitness Studio,Kuala Lumpur
Team Sports & Fields,4.7,SJK(C) Sungai Buloh Badminton Centre,Selangor
Fishing & Hunting,4.7,Epifisherman Boat Charter,Selangor
Team Sports & Fields,3.0,CPS Rawang Badminton Hall,Selangor
Other Outdoor & Lawn Sports,4.0,Pickle World,Selangor
Gyms & Studios,3.9,Zelka Sports Centre,Selangor
Gyms & Studios,3.9,Celebrity Fitness Gym - 1 Utama,Selangor
Gyms & Studios,5.0,KBOUNCE K-Style Spinning Johor (The Superhuman Project Sdn Bhd),Johor
Gyms & Studios,4.7,24-Hour Gym: Anytime Fitness Quayside Mall Gamuda Kemuning,Selangor
Golf & Driving Ranges,5.0,Airon Golf Driving Range @ Marina Island Lumut,Perak
Recreation Centers,4.1,Kompleks Sukan Bangsar,Kuala Lumpur
Gyms & Studios,4.0,Fitworx Fitness Studio @ Denai Alam,Selangor
Fishing & Hunting,4.3,"Kolam Pancing Udang Harimau Taman Perling, JB.",Johor
Gyms & Studios,4.1,Anytime Fitness SqWhere Sungai Buloh,Selangor
Gyms & Studios,5.0,Gentle Pilates & Prenatal Postnatal Pilates,Selangor
Gyms & Studios,4.6,PWRHOUSE Fitness Studio @ Hartamas,Kuala Lumpur
Gyms & Studios,4.7,TRIBE Boxing Studio - Mont Kiara (MK),Kuala Lumpur
Recreation Centers,4.0,Futsal Future Sport Centre,Penang
Fishing & Hunting,4.2,TCE Tackles Sdn Bhd,Kedah
Gyms & Studios,4.6,The Kingdom Fitness,Other
Fishing & Hunting,4.2,Kolam Pancing Seksyen 24,Selangor
Fishing & Hunting,3.6,FISHING KINGDOM SG BURUNG,Perak
Recreation Centers,4.6,Sports Arena @ UNITEN,Selangor
Fishing & Hunting,5.0,Kolam Pancing Fish Garden 2,Selangor
Gyms & Studios,4.6,Babel TTDI,Kuala Lumpur
Fishing & Hunting,4.3,TCE Tackles Sdn Bhd,Terengganu
Recreation Centers,4.0,Kidzooona AEON Bukit Mertajam,Other
Gyms & Studios,5.0,Brolab Gym,Selangor
Gyms & Studios,4.6,Gympark Fitness Pandamaran,Selangor
Fishing & Hunting,4.1,TCE Tackles Sdn Bhd,Kedah
Fishing & Hunting,4.1,TCE Tackles Sdn Bhd,Pahang
Gyms & Studios,4.0,7 DAYS FITNESS KULAI BRANCH,Johor
Recreation Centers,4.4,LCS Sport Arena,Pahang
Fishing & Hunting,4.3,TCE Tackles Sdn Bhd,Sabah
Gyms & Studios,3.7,Celebrity Fitness Gym - NU Sentral,Kuala Lumpur
Gyms & Studios,4.1,RedLine Gym Kuantan Pahang,Pahang
Ball Sports,3.8,JJ Futsal,Selangor
Gyms & Studios,4.4,Anytime Fitness KL Gateway,Kuala Lumpur
Team Sports & Fields,4.0,New Vision Badminton Court,Selangor
Gyms & Studios,4.0,Celebrity Fitness Gym - Jaya One,Selangor
Recreation Centers,4.0,Sentosa Sports Centre,Sarawak
Fishing & Hunting,4.2,TCE Tackles Sdn Bhd,Sarawak
Fishing & Hunting,4.3,TCE Tackles Sdn Bhd,Kedah
Fishing & Hunting,4.8,TCE Tackles Sdn Bhd,Terengganu
Recreation Centers,4.4,Ace Sports World @ Rooftop Lotus's Kepong,Kuala Lumpur
Fishing & Hunting,4.4,TCE Tackles Sdn Bhd,Selangor
Fishing & Hunting,3.9,TCE Tackles Sdn Bhd,Selangor
Gyms & Studios,4.6,"Brother Gym & Fitness, Kangar, Perlis",Perlis
Gyms & Studios,4.5,Camp5 Climbing Gym,Kuala Lumpur
Recreation Centers,4.3,Kompleks Sukan Setiawangsa,Kuala Lumpur
Martial Arts & Dojos,4.9,Ultimate Mma Academy /Kickboxing /Jiujitsu & Muay Thai,Johor
Recreation Centers,4.3,Perling Badminton Court,Johor
Fishing & Hunting,4.2,Northern Pro Tackle sdn bhd,Other
Fishing & Hunting,4.4,Ah Kaw Tackle Taman Cendana Shimano Daiwa Abu Garcia Xzoga Daiichi Gtech Hasamu Fixory dealer,Johor
Martial Arts & Dojos,4.9,TAEKWONDO RAWANG HYPERMAX ACADEMY,Selangor
Recreation Centers,4.0,Penang Indoor Archery X (Level 6),Penang
Recreation Centers,4.4,Stadium PUSAT SUKAN UTHM,Johor
Gyms & Studios,4.8,HYPE CLUB FITNESS,Selangor
Fishing & Hunting,4.5,Kolam Pancing Udang Galah Kempas,Johor
Gyms & Studios,4.8,Anytime Fitness Tasek Central,Johor
Gyms & Studios,4.0,Gympark Fitness Jenjarom,Selangor
Fishing & Hunting,4.0,A Ling Tackle,Pahang
Other Outdoor & Lawn Sports,4.0,Dewan Badminton,Johor
Gyms & Studios,4.4,Five X Fitness,Penang
Team Sports & Fields,4.2,Pro One Badminton Centre (Pro One),Johor
Other Outdoor & Lawn Sports,3.9,Dewan An-Nisa Pondok Labu Kulim,Kedah
Other Outdoor & Lawn Sports,4.3,Manjung Badminton Arena,Perak
Saunas & Spas,3.8,Palacio Centre,Johor
Other Outdoor & Lawn Sports,4.2,Dewan Persatuan Badminton Bumiputra Sarawak,Sarawak
Fishing & Hunting,4.0,TCE Tackles Sdn Bhd,Negeri Sembilan
Recreation Centers,4.2,PJ Palms Sports Centre (old),Selangor
Recreation Centers,4.2,Daiman Sri Skudai Sports Center,Johor
Gyms & Studios,4.5,Galaxy FIT Fitness,Johor
Gyms & Studios,4.9,SILVERMANIA FITNESSGROUND,Perak
Gyms & Studios,4.5,iFITness & Gym,Sarawak
Gyms & Studios,4.6,SURIA GYM GROUP SDN BHD & LADY'S GYM,Johor
Golf & Driving Ranges,4.1,Kelab Golf Sarawak,Sarawak
Fishing & Hunting,4.5,Ulu Bendul Fish Valley,Negeri Sembilan
Golf & Driving Ranges,4.1,Kelab Rahman Putra Malaysia,Selangor
Gyms & Studios,3.9,Dynastic Fitness Centre,Perak
Recreation Centers,4.1,Pakalangan Bay,Sabah
Saunas & Spas,4.7,Aurora Muslimah Salon & Spa,Selangor
Golf & Driving Ranges,4.2,13 Aces starhill driving range,Johor
Team Sports & Fields,4.2,Footballhub @ Rimbayu,Selangor
Gyms & Studios,4.9,Black Panda Fitness Kepong,Kuala Lumpur
Team Sports & Fields,4.2,Batu Lanchang Basketball Court,Penang
Other Outdoor & Lawn Sports,4.0,A zone Baskball Court,Other
Gyms & Studios,4.6,Muscle House Fitness Center,Melaka
Gyms & Studios,4.2,DMS GYM,Selangor
Gyms & Studios,4.0,Fitness First Gym - Cheras Leisure Mall,Kuala Lumpur
Fishing & Hunting,4.5,TCE Tackles Sdn Bhd,Kedah
Recreation Centers,4.4,Amanjaya Sports Arena,Kedah
Recreation Centers,4.6,Gaya Garden,Johor
Other Outdoor & Lawn Sports,3.9,Dewan Badminton Padang Temusu,Kedah
Golf & Driving Ranges,4.4,The Royal Selangor Golf Club,Kuala Lumpur
Fishing & Hunting,3.8,HG Kolam Pancing Ban Pecah,Perak
Gyms & Studios,5.0,Ashtanga Yoga Therapy Centre Seremban,Negeri Sembilan
Golf & Driving Ranges,3.9,Starhill Golf & Country Club,Johor
Recreation Centers,3.9,Ranau Rabbit Farm,Sabah
Gyms & Studios,4.7,WOW Fitness TTDI,Kuala Lumpur
Fishing & Hunting,3.9,Kedai Pancing Orchid Tackle,Selangor
Other Outdoor & Lawn Sports,4.2,Pro One Badminton Court Cheras,Selangor
Fishing & Hunting,4.5,Peralatan Memancing Ikan Qiao Yen,Selangor
Gyms & Studios,4.6,Bolder Ventures Climbing Gym,Selangor
Gyms & Studios,4.3,World Fitness Gym,Penang
Other Outdoor & Lawn Sports,4.1,Sport Heroes,Selangor
Skating & Rinks,3.5,Blue Ice Skating Rink @ Sunway 163 Mall,Kuala Lumpur
Ball Sports,4.5,BB Sport Arena,Other
Gyms & Studios,3.9,Fitness First Gym - The Gardens Mall,Kuala Lumpur
Fishing & Hunting,4.6,King Fisher Tackle (kk),Sabah
Gyms & Studios,4.9,Iron Man Gym & Fitness,Selangor
Recreation Centers,4.4,222 Sports Centre PJ,Selangor
Gyms & Studios,4.6,TRIBE Boxing Studio - Tropicana (TG),Selangor
Recreation Centers,4.2,TSI Sports Arena Cyberjaya,Selangor
Gyms & Studios,4.6,The Gym Box,Sarawak
Golf & Driving Ranges,4.3,Kota Permai Golf & Country Club,Selangor
Saunas & Spas,4.2,Pusat Refleksologi Tradisional Shu Xin - Mahkota Cheras Branch,Selangor
Fishing & Hunting,4.0,Kolam D'Semarak Air Masin,Selangor
Team Sports & Fields,4.3,Juara Badminton Arena,Sabah
Other Outdoor & Lawn Sports,4.2,Dewan Badminton Bandar Lahat Baru,Perak
Gyms & Studios,4.0,West Point Gym,Selangor
Gyms & Studios,5.0,Combine Training,Pahang
Ball Sports,4.4,D' Futsal Center,Perlis
Gyms & Studios,3.4,Celebrity Fitness Gym - Dpulze,Selangor
Gyms & Studios,4.6,BUMP Bouldering Jaya One,Selangor
Recreation Centers,4.0,Sport Centre 88,Selangor
Gyms & Studios,5.0,seven star gym block 86,Other
Other Outdoor & Lawn Sports,4.7,HAVONA BADMINTON SPORTS CENTRE,Johor
Ball Sports,4.2,Legend Futsal Indera Mahkota,Pahang
Ball Sports,4.5,Bayuemas Cricket Oval,Selangor
Gyms & Studios,4.0,Anytime Fitness Setiawangsa,Kuala Lumpur
Saunas & Spas,4.9,AY Beauty And Spa (Female),Other
Golf & Driving Ranges,4.3,Mount Kinabalu Golf Club,Sabah
Fishing & Hunting,4.6,Taiping Fishing Tackle,Perak
Fishing & Hunting,4.4,Kolam Pancing Air Masin Abah23 Paradise Sungai Nibong,Selangor
Gyms & Studios,4.6,Langkawi Gym and Fitness,Kedah
Gyms & Studios,4.3,HIITREBEL TRAINING CLUB,Kuala Lumpur
Gyms & Studios,4.6,J.C Pro Fitness GYM (Kuchai Lama),Kuala Lumpur
Fishing & Hunting,4.4,Bangi Fishing Tackle,Selangor
Fishing & Hunting,4.2,Pertama Fishing Shop (Telok Panglima Garang),Selangor
Gyms & Studios,5.0,Beats Studio Kuching,Sarawak
