name,traffic_score,rating,category,state
Klang Sports Centre (F.K.A TM Sports Complex),21.71,4.1,Recreation Centers,Selangor
TCE Tackles Sdn Bhd,74.43,4.7,Fishing & Hunting,Sabah
Xtreme Fitness NS,30.43,4.3,Gyms & Studios,Johor
BELIEVE FITNESS - Pinnacle Sri Petaling Mall,30.71,4.7,Gyms & Studios,Kuala Lumpur
OHM Fitness Centre,37.71,4.2,Gyms & Studios,Melaka
OXYGYM FITNESS,34.29,5.0,Gyms & Studios,Selangor
Summer Sport Centre,27.57,4.2,Recreation Centers,Negeri Sembilan
Dr.stretch 1 Utama,40.0,5.0,Gyms & Studios,Selangor
TCE Tackles Sdn Bhd,67.86,4.4,Fishing & Hunting,Kelantan
TCE Tackles Sdn Bhd,53.71,4.0,Fishing & Hunting,Perak
REP by REP GYM & FITNESS CENTRE,51.57,4.7,Gyms & Studios,Kedah
STUMPS! Indoor Cricket Centre,50.14,4.9,Recreation Centers,Selangor
My Gym Exercise Centre,53.57,4.3,Gyms & Studios,Johor
De'Fish Fishing Park,41.43,4.9,Fishing & Hunting,Kelantan
Golf & Country Club Kuala Kubu Bharu,70.0,3.9,Golf & Driving Ranges,Selangor
TCE Tackles Sdn Bhd,60.71,4.7,Fishing & Hunting,Other
Kolam Pancing Udang Galah Anuar Dowak (Joint Management),51.14,5.0,Fishing & Hunting,Perak
UiTM Shah Alam Sports Complex,40.57,4.3,Recreation Centers,Selangor
Satellite Sports PJ,33.57,4.2,Recreation Centers,Selangor
TCE Tackles Sdn Bhd,65.14,4.1,Fishing & Hunting,Selangor
Karambunai Fishing Jetty,31.43,3.8,Fishing & Hunting,Sabah
Elevate Sports Performance,43.14,5.0,Recreation Centers,Selangor
Brother One Gym & Fitness Sentul,33.86,5.0,Gyms & Studios,Kuala Lumpur
Berapit Sport Centre,60.86,4.3,Other Outdoor & Lawn Sports,Other
Anytime Fitness Tropika Bukit Jalil - 24 Hour Gym,35.86,4.1,Gyms & Studios,Kuala Lumpur
7 Stone Badminton Court,52.0,4.4,Recreation Centers,Sarawak
Liv Studio - Yoga & Pilates,38.71,4.8,Gyms & Studios,Selangor
Batuu Climbing,58.0,4.7,Gyms & Studios,Selangor
Anne Nikko Fitness Gym,60.86,4.9,Gyms & Studios,Selangor
KFitness Gym - #1 Biggest Gym in PJ,57.43,4.9,Gyms & Studios,Selangor
KlimbZone,48.86,4.9,Gyms & Studios,Sarawak
TT Sports Centre @ PJ,29.43,4.6,Recreation Centers,Selangor
Kolam mancing air masin telok belanga,44.57,3.7,Fishing & Hunting,Other
YOLO Fitness,48.14,4.7,Gyms & Studios,Sabah
Kolam Sri Tanjung,25.71,4.4,Fishing & Hunting,Selangor
Younique Sports Sungai Besi,34.71,3.6,Team Sports & Fields,Kuala Lumpur
Union Strength Hartamas,41.57,4.9,Gyms & Studios,Kuala Lumpur
Believe Fitness You City 3,38.14,4.7,Gyms & Studios,Selangor
Al Ryan Sauna Bangi,38.71,5.0,Saunas & Spas,Selangor
Kolam Pancing Damai Semenyih,49.29,5.0,Fishing & Hunting,Selangor
TCE Tackles Sdn Bhd,48.43,3.8,Fishing & Hunting,Selangor
"W Traditional Thai Therapeutic Wellness - Heritage Row, KL / 吉隆坡老街",47.57,4.8,Saunas & Spas,Kuala Lumpur
"Endfield Football Field, The Club",29.43,4.4,Team Sports & Fields,Selangor
Megah Rise Badminton Courts,39.71,2.6,Other Outdoor & Lawn Sports,Selangor
BBC Best Bola Challenger Futsal Center_Setapak,30.43,4.3,Ball Sports,Kuala Lumpur
The Palms Batu Pahat,30.57,4.2,Other Outdoor & Lawn Sports,Johor
Sunday Pilates,44.86,4.6,Gyms & Studios,Selangor
SnowLim Wonderland,61.86,4.6,Snow & Winter Sports,Negeri Sembilan
San Onsen KSL,63.43,4.9,Saunas & Spas,Selangor
Bora Bora Headspa,51.17,4.9,Saunas & Spas,Selangor
TCE Tackles Sdn Bhd,47.86,4.1,Fishing & Hunting,Other
TCE Tackles Sdn Bhd,69.71,3.8,Fishing & Hunting,Kuala Lumpur
Fa's Fishing Pond (Kolam Pancing Udang Galah),38.33,4.8,Fishing & Hunting,Perak
Euphoria,33.0,4.5,Gyms & Studios,Kuala Lumpur
TCE Tackles Sdn Bhd,57.0,4.3,Fishing & Hunting,Melaka
NZX Sports Arena,55.57,3.6,Team Sports & Fields,Selangor
P&L Kolam Pancing,41.29,3.6,Fishing & Hunting,Johor
U Fitness Gym Permas,46.86,4.9,Gyms & Studios,Johor
TCE Tackles Sdn Bhd,68.43,3.9,Fishing & Hunting,Negeri Sembilan
Bangsawan Fitness,35.43,4.8,Gyms & Studios,Selangor
KOLAM PANCING 3 ABDUL (UDANG GALAH),49.29,3.4,Fishing & Hunting,Kuala Lumpur
Pekan Nanas Sports Centre,61.71,4.1,Recreation Centers,Johor
White Fairy Futsal & Badminton Court,50.43,4.0,Recreation Centers,Selangor
The Parenthood @ Melawati Mall,47.43,4.0,Recreation Centers,Kuala Lumpur
TCE Tackles Sdn Bhd,60.57,4.6,Fishing & Hunting,Sabah
Rancak Fishing Resort,35.71,5.0,Fishing & Hunting,Perak
Permas City Walks,31.0,4.3,Other Outdoor & Lawn Sports,Johor
Footballhub & Picklehub @ SkyArena,24.57,4.0,Team Sports & Fields,Pahang
"Lean Muscle Gym (Fitness, Protein, Supplements & Personal Trainer)",54.33,4.9,Gyms & Studios,Negeri Sembilan
Kolam Pancing Top One,27.14,4.1,Fishing & Hunting,Johor
Forum Pudu,23.43,4.2,Recreation Centers,Kuala Lumpur
ALIMAMA ONLINE STORE,57.0,4.9,Fishing & Hunting,Selangor
Lucky Recreational Center,42.14,4.9,Fishing & Hunting,Perak
Ah huat fishing cafe,60.71,4.7,Fishing & Hunting,Johor
"24-Hour Gym: Anytime Fitness Bandar Kinrara, Puchong",31.29,4.7,Gyms & Studios,Selangor
Anytime Fitness Bukit Jelutong,37.57,4.5,Gyms & Studios,Selangor
"24-Hour Gym: Anytime Fitness Taman Desa, Faber Towers",37.71,4.5,Gyms & Studios,Kuala Lumpur
"Air Terjun Ulu Licin, ( Beruas, Perak )",28.14,4.4,Recreation Centers,Perak
Putrajaya Challenge Park - Skatepark,62.71,4.6,Skating & Rinks,Putrajaya
Bukit Unggul Country Club,59.86,4.0,Golf & Driving Ranges,Selangor
CT Advance Sports (Max Court),49.0,4.3,Other Outdoor & Lawn Sports,Kedah
Futsal n Badminton Court Bandar Country Homes,51.43,3.9,Recreation Centers,Selangor
SnoWalk by i-City,42.29,4.1,Snow & Winter Sports,Selangor
V Functional Fitness,44.0,4.9,Gyms & Studios,Johor
Ombak Damai,44.33,4.1,Recreation Centers,Other
Too Bee Sport Centre,41.43,4.1,Team Sports & Fields,Johor
Fitness First Gym - Paradigm Mall,43.43,4.1,Gyms & Studios,Selangor
Danau Golf UKM (DGUKM),57.0,4.0,Golf & Driving Ranges,Selangor
Camp5 Climbing Gym,52.14,4.6,Gyms & Studios,Selangor
Fury Fitness,44.0,4.5,Gyms & Studios,Kedah
Perniagaan Ewatt,56.0,4.3,Fishing & Hunting,Kelantan
Pulau Chekas Riverpools,41.29,4.5,Recreation Centers,Pahang
Muscle House Fitness Center - Muar,24.57,4.9,Gyms & Studios,Johor
force fitness kajang,25.43,4.3,Gyms & Studios,Selangor
Cobra Gym Express Taman Sentosa 24 Hour Fitness,40.57,4.5,Gyms & Studios,Selangor
TCE Tackles Sdn Bhd,45.43,4.4,Fishing & Hunting,Sabah
Kiulu White Water Rafting Centre,49.86,4.5,Water & Aquatic Sports,Sabah
TCE Tackles Sdn Bhd,62.71,4.1,Fishing & Hunting,Perak
Transform Fitness Centre,41.71,4.6,Gyms & Studios,Johor
Avenger Sports Arena,46.71,3.9,Recreation Centers,Selangor
Dory Swim (Cheras Branch),55.86,4.7,Water & Aquatic Sports,Kuala Lumpur
TCE Tackles Sdn Bhd,54.86,4.1,Fishing & Hunting,Terengganu
Bukit Jalil Golf Club Driving Range,53.57,4.0,Golf & Driving Ranges,Kuala Lumpur
Maran Hill Golf and Resort,19.43,3.9,Golf & Driving Ranges,Pahang
Golfzon Johor,38.29,4.9,Golf & Driving Ranges,Johor
Taman Cabaran (Wall Climbing) Challenger Park Rock Climbing Gym,43.67,4.4,Recreation Centers,Putrajaya
Celebrity Fitness Gym - Wangsa Walk,46.29,3.6,Gyms & Studios,Kuala Lumpur
Xiang Recreation 湘休闲中心,44.17,4.1,Recreation Centers,Johor
Anytime Fitness Sentul Point,39.71,4.4,Gyms & Studios,Kuala Lumpur
LifenFitness EkoCheras,30.29,4.6,Gyms & Studios,Kuala Lumpur
Anytime Fitness @Menara UOA Bangsar,34.86,4.2,Gyms & Studios,Kuala Lumpur
Permaipura Golf & Country Club,61.14,4.4,Golf & Driving Ranges,Kedah
TCE Tackles Sdn Bhd,72.29,4.4,Fishing & Hunting,Selangor
MUAY THAI BULOH GADING,55.29,4.6,Gyms & Studios,Selangor
TCE Tackles Sdn Bhd,60.0,4.0,Fishing & Hunting,Selangor
Workout Holic Gym,52.43,4.3,Gyms & Studios,Selangor
Penang Golf Resort,41.29,3.9,Golf & Driving Ranges,Penang
Winner Court,47.14,3.9,Recreation Centers,Sarawak
GT Sports & Recreation Club,39.43,4.6,Recreation Centers,Perak
Aspire @ Access World,49.43,5.0,Gyms & Studios,Selangor
Savage Gears PuchongGym&Studio,35.29,4.4,Gyms & Studios,Selangor
Sport Line Tackle Shop Section 15 Shah Alam,49.29,4.8,Fishing & Hunting,Selangor
U Five Sports center,44.29,4.0,Recreation Centers,Johor
TCE Tackles Sdn Bhd,71.71,4.1,Fishing & Hunting,Sarawak
Silver State Table Tennis Centre,66.29,4.4,Gyms & Studios,Perak
Dewan Serbaguna Taman Setiawangsa,49.86,4.3,Recreation Centers,Kuala Lumpur
Curves Wangsa Maju,57.0,4.9,Gyms & Studios,Kuala Lumpur
Kelantan Golf Club,73.57,4.1,Golf & Driving Ranges,Kelantan
TCE Tackles Sdn Bhd,63.86,4.3,Fishing & Hunting,Selangor
WELLFITNESS & GYMNASIUM PORT DICKSON,44.57,4.1,Gyms & Studios,Negeri Sembilan
Younique Sports Semenyih,33.86,4.1,Recreation Centers,Selangor
Gua Damai Extreme Park,32.71,4.5,Gyms & Studios,Selangor
Northern Iron Gym & Fitness,47.33,4.4,Gyms & Studios,Penang
Stadium Futsal POLO,26.57,4.3,Ball Sports,Pahang
Amazonian Fitness,36.14,4.9,Gyms & Studios,Other
TCE Tackles Sdn Bhd,61.71,3.8,Fishing & Hunting,Perak
Hwa Tat Tackle Sdn. Bhd.,62.67,4.4,Fishing & Hunting,Other
Celebrity Fitness Gym - Mid Valley,41.29,3.9,Gyms & Studios,Kuala Lumpur
Impian Sports,44.43,4.2,Recreation Centers,Other
Uptown Sports,31.0,4.3,Recreation Centers,Selangor
TCE Tackles Sdn Bhd,69.0,4.4,Fishing & Hunting,Sabah
TCE Tackles Sdn Bhd,61.86,4.4,Fishing & Hunting,Sarawak
Kelab Golf Perkhidmatan Awam,66.71,4.1,Golf & Driving Ranges,Kuala Lumpur
Fun X World,54.43,4.7,Recreation Centers,Selangor
Cobra Gym Express Seremban 2 24 Hour Fitness,23.0,4.0,Gyms & Studios,Negeri Sembilan
PJS Sports Centre (by xivo.sports),47.14,4.1,Recreation Centers,Selangor
RKS SPORTS CENTRE,62.14,4.0,Recreation Centers,Selangor
(KPLJ) Lancong Jaya Fishing Pond,31.0,4.7,Fishing & Hunting,Selangor
Project Rock Climbing Gym,35.29,4.7,Gyms & Studios,Other
SPA Manja,47.43,4.1,Saunas & Spas,Johor
Celebrity Fitness Gym - Palm Mall,40.57,3.8,Gyms & Studios,Negeri Sembilan
7 Fitness Sports Centre,60.43,4.0,Gyms & Studios,Negeri Sembilan
Badminton Hall Sri Amar (Sri Amar JL Sports Centre),42.43,4.3,Other Outdoor & Lawn Sports,Johor
TCE Tackles Sdn Bhd,67.0,4.0,Fishing & Hunting,Johor
SKT Golf Studio,26.17,4.3,Golf & Driving Ranges,Selangor
Everyday Sports,35.71,4.3,Ball Sports,Johor
W Traditional Thai Therapeutic Wellness - Mont Kiara / 滿家樂,68.43,4.8,Saunas & Spas,Kuala Lumpur
TCE Tackles Sdn Bhd,63.29,4.2,Fishing & Hunting,Perak
TCE Tackles Sdn Bhd,57.43,4.0,Fishing & Hunting,Selangor
Dewan Badminton MMA,36.17,4.3,Other Outdoor & Lawn Sports,Selangor
TCE Tackles Sdn Bhd,56.71,3.7,Fishing & Hunting,Johor
RedLine Gym Johor Bahru,39.14,4.7,Gyms & Studios,Johor
Sport Planet Futsal Cheng,35.86,4.1,Recreation Centers,Melaka
Selangor Shooting Association,60.67,4.6,Shooting & Gun Ranges,Selangor
Third Space Pilates - Mont Kiara,34.71,4.9,Gyms & Studios,Kuala Lumpur
1 One Fitness Setia Alam,35.29,4.9,Gyms & Studios,Selangor
Royal Seri Menanti Golf & Country Club,50.71,4.0,Golf & Driving Ranges,Negeri Sembilan
TCE Tackles Sdn Bhd,58.29,4.0,Fishing & Hunting,Perak
TCE Tackles Sdn Bhd,69.29,4.4,Fishing & Hunting,Sabah
TOP GYM FITNESS (TMN DESA CEMERLANG) 小巨人健身室,63.14,4.6,Gyms & Studios,Johor
Seven Star Gym Pulau Tikus,42.14,4.9,Gyms & Studios,Other
24-Hour Gym: Anytime Fitness Tanjung Tokong George Town Penang,38.86,4.8,Gyms & Studios,Penang
Jabfit & TCM Rehab,34.86,5.0,Gyms & Studios,Penang
EAST SOUND Fitness Center Club,52.14,4.8,Gyms & Studios,Other
Anytime Fitness Platinum Arena,38.14,4.4,Gyms & Studios,Kuala Lumpur
Train by Blackbox,31.17,5.0,Gyms & Studios,Selangor
Kayxi Beauty Spa and Makeup,54.14,5.0,Saunas & Spas,Kelantan
Celebrity Fitness Gym - Queensbay Mall,43.86,3.9,Gyms & Studios,Other
Hikari Martial Arts Gym | Ampang Branch,32.57,4.9,Martial Arts & Dojos,Kuala Lumpur
FEBA Fight Club,46.14,5.0,Martial Arts & Dojos,Selangor
Merican Muay Thai Gym - Damansara Jaya,47.0,4.4,Martial Arts & Dojos,Selangor
MMA Sports Hub,35.14,5.0,Martial Arts & Dojos,Sarawak
Novothai Spa,56.43,4.7,Saunas & Spas,Perak
Toy World Amusement Baby Shark Adventure Ville,37.29,3.7,Recreation Centers,Johor
Kolam Pancing Santai Sg. Tekali (Rohu & Patin),43.43,4.9,Fishing & Hunting,Selangor
Kolam Pancing NAZ Fishing Valley,34.67,3.6,Fishing & Hunting,Selangor
Melwood Arena Sungai Buloh,29.71,4.5,Team Sports & Fields,Selangor
Power Gym Kuching City Mall,51.57,4.5,Gyms & Studios,Sarawak
V Spa Bintulu,63.14,4.9,Saunas & Spas,Sarawak
Sergio Aguero Arena,28.14,4.9,Ball Sports,Pahang
EV Arena Elmina,17.43,4.4,Team Sports & Fields,Selangor
Tunas Badminton Sports Centre,20.0,4.9,Team Sports & Fields,Negeri Sembilan
Pronet Sport Centre,27.57,4.6,Recreation Centers,Negeri Sembilan
Yosin Badminton Court 2 (Previously known as Elite Sports),24.86,3.5,Other Outdoor & Lawn Sports,Selangor
Mini Mak Chili Stadium,44.83,4.8,Recreation Centers,Terengganu
Footballhub @ Eco Grandeur,18.71,4.4,Team Sports & Fields,Selangor
Esplanade Bowl Kg. Koh,35.29,4.2,Recreation Centers,Perak
Elite Futsal and Badminton,58.14,3.9,Other Outdoor & Lawn Sports,Perak
FR Badminton Sports,26.0,4.7,Team Sports & Fields,Selangor
Dewan Badminton Haji Amir,37.57,4.8,Recreation Centers,Terengganu
Tupah Sports Centre,33.86,5.0,Other Outdoor & Lawn Sports,Kedah
Batu Berendam Badminton Hall,27.86,4.7,Recreation Centers,Melaka
UIA Football Turf,33.29,3.8,Team Sports & Fields,Kuala Lumpur
BB Sports Park,43.29,4.4,Recreation Centers,Kuala Lumpur
Level Up Fitness Xpress Marina Square (24 Hour Gym),53.67,4.2,Gyms & Studios,Sarawak
Kapten Gym,51.71,4.2,Gyms & Studios,Negeri Sembilan
AS Futsal Tok Jembal,27.14,4.8,Ball Sports,Terengganu
Miya Futsal Sport Centre,51.29,4.9,Ball Sports,Terengganu
Futsal Arena Alam,45.0,4.8,Ball Sports,Johor
BFT Damansara Heights,37.33,5.0,Gyms & Studios,Kuala Lumpur
雪兰莪兿峰龍獅體育會 Persatuan Sukan Ngai Fong Ampang Selangor,33.0,4.5,Recreation Centers,Selangor
Sakura Spa,58.86,4.4,Recreation Centers,Kuala Lumpur
Wedge Range PJ,49.71,4.8,Golf & Driving Ranges,Selangor
VSE GOLF RANGE SIMULATOR,57.14,5.0,Golf & Driving Ranges,Selangor
Underpar Driving Range,32.43,5.0,Golf & Driving Ranges,Pahang
Blue Ice Snow Park @ Pavilion Bukit Jalil,58.0,4.1,Skating & Rinks,Kuala Lumpur
Kolam Pancing MV Air Masin,54.86,3.3,Fishing & Hunting,Selangor
Genki Wellness Centre & Japanese Spa,58.57,4.8,Saunas & Spas,Other
Crystal Leaf Beauty SPA,34.71,4.9,Saunas & Spas,Johor
AP GYM & FITNESS,37.43,4.2,Gyms & Studios,Johor
Kong Gym and Body Building Centre,29.57,4.8,Gyms & Studios,Negeri Sembilan
Pro-Fit Fitness Studio (1-on-1 Personal Training Private Studio),36.33,4.8,Gyms & Studios,Kuala Lumpur
TOP GRACE ARENA SPORT,49.14,4.7,Other Outdoor & Lawn Sports,Sabah
AFC Athlete Fitness Centre,50.29,4.4,Gyms & Studios,Johor
Cobra Gym Express Seksyen 32 Shah Alam 24 Hour Fitness,46.57,4.4,Gyms & Studios,Selangor
TCE Tackles Sdn Bhd,72.29,4.5,Fishing & Hunting,Sabah
Max Power Gym & Fitness Studio,43.17,4.4,Gyms & Studios,Kedah
Kolam Memancing PokNik,35.29,3.9,Fishing & Hunting,Pahang
Master Badminton Club (MBC) Klebang,53.43,4.4,Other Outdoor & Lawn Sports,Perak
Transform Gym Battle Zone,48.14,4.2,Gyms & Studios,Johor
Anytime Fitness Eco Sky,30.0,4.7,Gyms & Studios,Selangor
Kuala Lumpur Sports City,13.57,4.4,Recreation Centers,Kuala Lumpur
Celebrity Fitness - MyTOWN Shopping Centre,40.71,3.9,Gyms & Studios,Kuala Lumpur
Myraz Gym & Studio,59.33,4.4,Gyms & Studios,Selangor
Subang Racquet & Golf Center,40.14,3.4,Recreation Centers,Selangor
Believe Fitness BMC Mall,46.57,4.3,Gyms & Studios,Selangor
Kolam Pancing Udang Galah Mileseven Ijok,20.57,4.1,Fishing & Hunting,Selangor
TCE Tackles Sdn Bhd,60.14,4.1,Fishing & Hunting,Kelantan
TCE Tackles Sdn Bhd,67.57,4.2,Fishing & Hunting,Perak
TCE Tackles Sdn Bhd,64.43,4.0,Fishing & Hunting,Perak
TCE Tackles Sdn Bhd,74.43,4.2,Fishing & Hunting,Kuala Lumpur
Yiko Badminton Sarikei,27.71,4.8,Other Outdoor & Lawn Sports,Sarawak
TCE Tackles Sdn Bhd,67.71,4.2,Fishing & Hunting,Kelantan
Anytime Fitness Setia Tropika,29.14,4.6,Gyms & Studios,Johor
Cowboy Fitness Taman Pelangi Johor Bahru,54.14,4.8,Gyms & Studios,Johor
KAS Kepong Arena Sports,51.29,4.0,Other Outdoor & Lawn Sports,Kuala Lumpur
TCE Tackles Sdn Bhd,61.14,4.8,Fishing & Hunting,Sabah
Mighty Fitness Gym,38.14,3.8,Gyms & Studios,Pahang
CLUBALOHA (Plaza Damas),42.86,4.8,Gyms & Studios,Kuala Lumpur
"Darulaman Golf & Country Club, DGCC",61.57,4.0,Golf & Driving Ranges,Kedah
Level Up Fitness MJC Papillon (Premium 24-Hour Gym),43.43,4.7,Gyms & Studios,Sarawak
Masterscaff Indoor Paka,32.14,4.1,Ball Sports,Terengganu
Kampung Gym (Seelong Branch),56.29,4.9,Gyms & Studios,Johor
TCE Tackles Sdn Bhd,45.0,4.6,Fishing & Hunting,Kedah
Terengganu Royal Golf Club,61.0,4.1,Golf & Driving Ranges,Terengganu
Brothers Futsal Centre,34.43,4.0,Ball Sports,Selangor
Mayi Ayur Yoga,57.86,4.9,Gyms & Studios,Selangor
Surya Yoga bukit tinggi,30.17,3.9,Gyms & Studios,Selangor
"DEWAN BADMINTON D'BARUH MURING, BINJAI BONGKOK",61.43,4.3,Gyms & Studios,Terengganu
Top Speed Fitness - Subang Jaya,35.43,4.0,Gyms & Studios,Selangor
ALTEC Table Tennis,55.0,4.5,Recreation Centers,Selangor
V Spa Reflexology,70.57,4.7,Saunas & Spas,Sarawak
TCE Tackles Sdn Bhd,61.43,3.9,Fishing & Hunting,Sarawak
LEE'S TACKLE HOME MIRI,59.0,4.5,Fishing & Hunting,Sarawak
Pusat Latihan Pasukan Gerakan Am,50.14,5.0,Shooting & Gun Ranges,Perak
Cobra Gym Express Bukit Tinggi 24 Hour Fitness,24.14,4.5,Gyms & Studios,Selangor
Synergy Fitness Seri Kembangan,41.43,4.1,Gyms & Studios,Selangor
TCE Tackles Sdn Bhd,64.29,4.2,Fishing & Hunting,Other
UM Varsity Green,28.71,4.5,Team Sports & Fields,Kuala Lumpur
Yosin Kampung Subang Court,44.57,4.2,Other Outdoor & Lawn Sports,Selangor
The Parenthood @ Sunway Pyramid,64.0,4.2,Recreation Centers,Selangor
Infinity Line Fitness,32.57,4.3,Gyms & Studios,Perak
Eng Kwang Temerloh,44.43,4.2,Fishing & Hunting,Pahang
Level Up Fitness Xpress AEON Kuching Central (24-Hour Gym),60.86,4.6,Gyms & Studios,Sarawak
Vo2 Energym,36.86,4.5,Gyms & Studios,Johor
Kompleks Belia Dan Sukan Negeri Sembilan,34.0,4.2,Recreation Centers,Negeri Sembilan
Kudat Sports Complex,44.43,4.1,Recreation Centers,Sabah
Anytime Fitness Impiria Bukit Tinggi,41.0,4.0,Gyms & Studios,Selangor
TCE Tackles Sdn Bhd,48.57,4.3,Fishing & Hunting,Kedah
Rally Melaka,34.14,4.0,Recreation Centers,Melaka
Frenzy Sports Arena,25.71,4.1,Recreation Centers,Selangor
CrossFit Pahlawan,29.0,4.7,Gyms & Studios,Selangor
TFC FISHING TACKLE SDN BHD,46.5,4.1,Fishing & Hunting,Pahang
Puncak Alam Golf Driving Range,42.29,4.0,Golf & Driving Ranges,Selangor
JSA Arena,34.71,4.4,Team Sports & Fields,Selangor
The LOFT Fitness,41.43,4.8,Gyms & Studios,Melaka
Akademi Tenis Johor (Nusa Duta Tennis Complex),59.14,4.3,Racquet & Club Sports,Johor
Sport 100 Badminton Center,47.29,4.1,Other Outdoor & Lawn Sports,Selangor
ANGLERS' TACKLES,55.14,4.3,Fishing & Hunting,Sarawak
The Olympic Gym,55.86,4.7,Gyms & Studios,Other
UniPutra Golf Club,70.86,3.8,Golf & Driving Ranges,Selangor
The Challenger Sport Centre AMPANG (Book with AFA app),32.71,4.3,Recreation Centers,Selangor
Sanwa Aquatics (KL) Sdn Bhd (Strictly on Wholesale Only),60.4,3.6,Fishing & Hunting,Selangor
The Mines Resort & Golf Club,68.33,4.4,Golf & Driving Ranges,Selangor
Tiara Melaka Golf & Country Club,22.43,4.1,Golf & Driving Ranges,Melaka
De Stadium Futsal KB (wakaf bharu),37.57,4.4,Ball Sports,Kelantan
Workout Station,33.33,4.6,Gyms & Studios,Perak
Haslina Badminton Hall,28.86,4.2,Other Outdoor & Lawn Sports,Kelantan
Fymac Fishing Tackle,57.5,4.5,Fishing & Hunting,Johor
Iron Fitness & Gym,42.14,4.5,Gyms & Studios,Kuala Lumpur
Fitness First Gym - NU Empire,54.57,3.8,Gyms & Studios,Selangor
Fuel Athletics,30.0,4.8,Gyms & Studios,Kuala Lumpur
Michael's Badminton Academy @ Bukit Puchong,45.29,4.0,Other Outdoor & Lawn Sports,Selangor
G Force Gym and Fitness Centre Puncak Alam,43.17,4.2,Gyms & Studios,Selangor
Yogshakti,41.0,4.9,Gyms & Studios,Kuala Lumpur
I Muscles Fitness,45.29,4.8,Gyms & Studios,Perak
Marina Putrajaya,26.57,4.3,Recreation Centers,Putrajaya
TCE Tackles Sdn Bhd,73.0,4.6,Fishing & Hunting,Perak
Fitness First Gym - Klang Bukit Tinggi,55.43,3.6,Gyms & Studios,Selangor
99 Apacs Badminton Centre,56.57,3.9,Other Outdoor & Lawn Sports,Johor
Max Gym,44.29,3.7,Gyms & Studios,Sarawak
Enrich Fitness,45.14,4.1,Gyms & Studios,Selangor
TCE Tackles Sdn Bhd,69.14,4.3,Fishing & Hunting,Sabah
"Amigo Clubhouse @ 16 Sierra, Puchong South",52.0,4.0,Recreation Centers,Selangor
Sports Arena Sentosa,42.14,4.3,Recreation Centers,Kuala Lumpur
Bard Gym,51.71,3.0,Gyms & Studios,Kelantan
"Peak Fitness SOGO, KL City Centre",50.29,4.1,Gyms & Studios,Kuala Lumpur
Fisher Tackles Sdn. Bhd.,51.86,4.3,Fishing & Hunting,Selangor
Kompleks 3K MBSJ,45.57,3.9,Recreation Centers,Selangor
CT Long Badminton Academy,46.14,4.0,Other Outdoor & Lawn Sports,Kedah
Bemban Fishing Club,53.57,4.3,Fishing & Hunting,Kedah
Hangout Community (Metro Avenue),49.29,4.5,Gyms & Studios,Other
Dewan Badminton Ko,35.43,4.0,Other Outdoor & Lawn Sports,Selangor
GR Sports Centre ( piabetainton Centre ),32.86,4.0,Other Outdoor & Lawn Sports,Negeri Sembilan
Arena Sukan,43.43,4.3,Recreation Centers,Sarawak
Damai Golf And Country Club,42.0,4.2,Golf & Driving Ranges,Sarawak
Sakthi School of Yoga,61.86,5.0,Gyms & Studios,Selangor
TCE Tackles Sdn Bhd,53.14,4.3,Fishing & Hunting,Pahang
Mountain View Golf Resort,45.5,3.9,Golf & Driving Ranges,Other
Body Factory Gym & Fitness Centre,23.86,4.1,Gyms & Studios,Selangor
Red Gym & Fitness Centre,37.0,4.6,Gyms & Studios,Perak
TCE Tackles Sdn Bhd,58.86,4.1,Fishing & Hunting,Kedah
Arena Sukan Kuala Lumpur ( ASKL ),65.57,4.8,Recreation Centers,Kuala Lumpur
The Club @ IJM Rimbayu,40.17,4.4,Saunas & Spas,Selangor
Ara Court Badminton Hall,52.86,3.9,Other Outdoor & Lawn Sports,Selangor
Next Revenue Badminton Hall (Book with AFA),52.29,3.8,Other Outdoor & Lawn Sports,Kuala Lumpur
LifenFitness Seventeen,43.71,4.9,Gyms & Studios,Selangor
"Pusat Akuatik Hang Jebat,",51.57,3.9,Recreation Centers,Other
Sunway Sports Center,27.86,3.9,Recreation Centers,Other
Fat 2 Fit,35.43,4.1,Gyms & Studios,Selangor
Kolam Pancing Kelimas Enterprise,45.57,3.5,Fishing & Hunting,Perak
Mission-Q Escape Room,54.29,4.8,Recreation Centers,Selangor
Central Park Dataran Sunway,46.43,4.0,Recreation Centers,Selangor
TCE Tackles Sdn Bhd,45.43,4.1,Fishing & Hunting,Terengganu
D Joran Bagus,43.83,4.1,Fishing & Hunting,Johor
Gympark Fitness HQ,55.29,4.2,Gyms & Studios,Selangor
TCE Tackles Sdn Bhd,66.57,4.5,Fishing & Hunting,Selangor
Permata Sports Complex,34.57,4.0,Other Outdoor & Lawn Sports,Other
"24-Hour Gym: Anytime Fitness Damansara Jaya, Atria Shopping Gallery.",39.14,4.7,Gyms & Studios,Selangor
Mudtrekker Paintball Park,28.83,4.7,Paintball & Laser,Selangor
SUK Selangor Sports Complex,32.71,4.2,Recreation Centers,Selangor
Sport City Indahpura,31.43,4.0,Recreation Centers,Johor
Aero Gym and Fitness Centre,41.86,4.6,Gyms & Studios,Johor
Kompleks 3K MBSJ Serdang Raya,45.14,3.9,Recreation Centers,Selangor
Power Master Gym & Fitness,43.71,4.1,Gyms & Studios,Other
KBS Tackle Sdn Bhd,42.33,4.2,Fishing & Hunting,Sabah
All Stars Futsal,22.0,4.3,Recreation Centers,Negeri Sembilan
TCE Tackles Sdn Bhd,70.14,4.2,Fishing & Hunting,Johor
Mei Jia Mini Market,71.17,4.2,Fishing & Hunting,Negeri Sembilan
"AU5 , KERAMAT,SKATEPARK",34.0,4.0,Skating & Rinks,Selangor
Curves Bandar Sri Damansara,45.43,5.0,Gyms & Studios,Kuala Lumpur
TCE Tackles Sdn Bhd,61.14,4.2,Fishing & Hunting,Other
Chia Fishing Tackle Trading,66.5,4.3,Fishing & Hunting,Selangor
Anytime Fitness Metro Prima Kepong - 24 Hour Gym,36.86,4.2,Gyms & Studios,Kuala Lumpur
Star Fitness Damansara,32.0,3.8,Gyms & Studios,Selangor
Curves Sunway Nexis,46.33,4.8,Gyms & Studios,Selangor
Yoshaa Fishing Store,45.43,4.7,Fishing & Hunting,Negeri Sembilan
GSS Global Sports Solution,39.43,4.3,Recreation Centers,Other
TCE Tackles Sdn Bhd,44.71,4.3,Fishing & Hunting,Selangor
RNJ SWIMMING ACADMEY (KEPONG BRANCH) (formerly known as Swim Splash Academy),64.5,4.8,Recreation Centers,Kuala Lumpur
TCE Tackles Sdn Bhd,44.29,4.3,Fishing & Hunting,Perak
Cha Yong Badminton Center,33.86,4.2,Other Outdoor & Lawn Sports,Johor
Gemas Golf Resort,25.71,3.5,Golf & Driving Ranges,Negeri Sembilan
Kolam Memancing Batu Arang 123,21.43,4.2,Fishing & Hunting,Selangor
INF Badminton Court | Jalan Fatimah | 鼎立羽球场,49.43,4.4,Other Outdoor & Lawn Sports,Johor
YTP Sports Arena,31.57,4.0,Team Sports & Fields,Selangor
Lifestyle Gym,62.14,4.3,Gyms & Studios,Sarawak
Cobra Gym Express Senawang 24 Hour Fitness,37.29,4.3,Gyms & Studios,Negeri Sembilan
X Park Sunway City Ipoh,33.71,4.1,Recreation Centers,Perak
TCE Tackles Sdn Bhd,69.71,4.2,Fishing & Hunting,Perak
Perniagaan Cabaran Belantara,58.57,4.0,Fishing & Hunting,Kedah
Triple T Boxing Academy,26.14,4.8,Gyms & Studios,Selangor
TCE Tackles Sdn Bhd,62.86,4.1,Fishing & Hunting,Selangor
Seven Star Gym & Fitness,43.43,4.9,Gyms & Studios,Penang
Bandar Utama Golf Course,45.0,3.8,Golf & Driving Ranges,Selangor
Fish Garden Sungai Janggut Jeram,49.29,3.6,Fishing & Hunting,Selangor
Koryo Taekwondo Club Bandar Bukit Raja Klang (Koryo Taekwondo Excellence Centre),54.33,4.9,Gyms & Studios,Selangor
Bukit Kemuning Golf & Country Resort,44.5,4.0,Golf & Driving Ranges,Selangor
ABOVE FITNESS RAWANG,47.71,4.6,Gyms & Studios,Selangor
Mahkota Hills Club House,22.43,4.1,Recreation Centers,Negeri Sembilan
ATSA Sabah Taekwondo,32.0,4.9,Martial Arts & Dojos,Sabah
Olympic Sports & Fitness Sdn Bhd,34.71,4.4,Gyms & Studios,Penang
Body Engineers Fitness,36.71,4.6,Gyms & Studios,Selangor
Tambun Herbal Sauna,53.0,4.3,Saunas & Spas,Penang
TCE Tackles Sdn Bhd,55.0,4.5,Fishing & Hunting,Johor
Pro One Badminton Court,36.29,4.0,Other Outdoor & Lawn Sports,Selangor
Batu Pahat Golf Club,40.86,4.0,Golf & Driving Ranges,Johor
PLSC GEL BLASTER MALAYSIA,63.0,4.0,Shooting & Gun Ranges,Selangor
Kolam Pancing Udang Galah kg subang,71.0,4.1,Fishing & Hunting,Selangor
Lite Fitness Raub,50.17,4.4,Gyms & Studios,Pahang
M factory Gym,36.29,4.8,Gyms & Studios,Johor
Trobong Bay,25.29,3.9,Fishing & Hunting,Sabah
Futsal MG2 Teras Jernang,24.43,4.3,Gyms & Studios,Selangor
"Gympark Fitness, Klang Utama",37.71,4.4,Gyms & Studios,Selangor
MST Golf Super Store Plaza Shell,45.71,4.4,Golf & Driving Ranges,Sabah
Hutan Lipur Ulu Bendul,38.0,4.5,Recreation Centers,Negeri Sembilan
Master Badminton Club (MBC) Gunung Rapat,54.86,4.3,Other Outdoor & Lawn Sports,Perak
Our Gym,40.0,4.1,Gyms & Studios,Selangor
"Gympark Fitness, PJ222",57.43,4.6,Gyms & Studios,Selangor
LifenFitness Bukit Bintang,15.86,4.8,Gyms & Studios,Kuala Lumpur
TCE Tackles Sdn Bhd,63.0,4.4,Fishing & Hunting,Terengganu
Kolam Pancing Air Masin ADURO,34.86,3.7,Fishing & Hunting,Selangor
Dewan Badminton Game Point,39.43,4.4,Other Outdoor & Lawn Sports,Johor
badminton court,31.29,4.1,Other Outdoor & Lawn Sports,Johor
Samarahan Country Club,55.86,4.0,Golf & Driving Ranges,Sarawak
Shah Alam Extreme Park,51.29,4.3,Skating & Rinks,Selangor
Celebrity Fitness Gym - Endah Parade,48.29,3.5,Gyms & Studios,Kuala Lumpur
Kolam Pancing Big Boss,34.14,3.8,Fishing & Hunting,Selangor
TS Sport Complex Sdn. Bhd.,32.71,4.0,Recreation Centers,Johor
Falim Sports Centre,46.71,4.1,Recreation Centers,Perak
Kolam Memancing Udang Galah Abang Roi,41.0,4.1,Fishing & Hunting,Selangor
Bukit Banang Golf & Country Club,66.29,3.6,Golf & Driving Ranges,Johor
TCE Tackles Sdn Bhd,66.43,4.1,Fishing & Hunting,Kedah
TCE Tackles Sdn Bhd,61.86,4.3,Fishing & Hunting,Selangor
TCE Tackles Sdn Bhd,61.43,4.2,Fishing & Hunting,Sarawak
Anytime Fitness Tamarind Square,42.57,4.2,Gyms & Studios,Selangor
Pura Kencana Swimming Pool,39.14,3.9,Gyms & Studios,Johor
Penang Golf Club,55.71,4.1,Golf & Driving Ranges,Other
Oops! Gym Steam and Sauna,66.71,3.4,Saunas & Spas,Kuala Lumpur
One More Rep Gymnasium Sri Serdang,48.43,4.4,Gyms & Studios,Selangor
The Sports Barn PJ,39.43,3.9,Recreation Centers,Selangor
The Optimum Fitness Centre,41.86,3.9,Gyms & Studios,Kedah
Batu Berendam Badminton,25.71,4.2,Recreation Centers,Melaka
Sunway Pyramid Ice,62.86,4.3,Skating & Rinks,Selangor
Equine Park Fitness Seri Kembangan,39.43,4.4,Gyms & Studios,Selangor
W.O.S Petaling Jaya,29.43,4.5,Recreation Centers,Selangor
Orna Golf & Country Club,54.43,3.8,Golf & Driving Ranges,Melaka
1stopfishing Shah Alam,59.57,4.3,Fishing & Hunting,Selangor
Kajang United BC (KUBC),62.0,3.7,Other Outdoor & Lawn Sports,Selangor
D'Popeye Gym,32.71,4.6,Gyms & Studios,Kuala Lumpur
Level Up Fitness Xpress Kuala Terengganu,52.0,4.3,Gyms & Studios,Terengganu
Impian Golf & Country Club,69.83,4.1,Golf & Driving Ranges,Selangor
TCE Tackles Sdn Bhd,53.14,4.0,Fishing & Hunting,Kedah
Muscle Construct Gym,43.14,4.7,Gyms & Studios,Kedah
SEVEN STAR GYM GELUGOR,56.71,4.5,Gyms & Studios,Other
Shah Alam Badminton Centre,58.0,4.1,Recreation Centers,Selangor
Kompleks Sukan USM,43.14,4.4,Recreation Centers,Other
Winning Futsal,31.57,4.2,Recreation Centers,Other
Cyberjaya Paintball Park,43.29,4.5,Paintball & Laser,Other
Ultimate Sporthaus,27.29,4.1,Recreation Centers,Negeri Sembilan
Leonian Malaysia Sdn Bhd (HQ),55.0,4.8,Golf & Driving Ranges,Selangor
TCE Tackles Sdn Bhd,49.57,4.7,Fishing & Hunting,Kedah
Monarchy MMA | Bangsar Branch,47.0,4.8,Martial Arts & Dojos,Kuala Lumpur
Blue Water,54.57,4.4,Fishing & Hunting,Johor
Villain Barbell Club,47.86,4.6,Gyms & Studios,Selangor
Kompleks Sukan PKNS,30.29,4.3,Recreation Centers,Selangor
FitLab Studio & Gym,27.0,4.8,Gyms & Studios,Negeri Sembilan
USJ 23 Badminton Court,32.0,3.8,Other Outdoor & Lawn Sports,Selangor
Bangi Golf Resort,29.71,4.1,Golf & Driving Ranges,Selangor
Ponderosa Golf & Country Resort,69.57,4.1,Golf & Driving Ranges,Johor
Tun Razak National Tennis Centre - Jalan Duta,65.86,4.4,Racquet & Club Sports,Kuala Lumpur
Kungfu Dojo Sabah,34.67,4.8,Gyms & Studios,Sabah
Hulu Langat Fishing Resort & Restaurant,14.71,4.2,Fishing & Hunting,Selangor
Hasya Joran,51.14,4.0,Fishing & Hunting,Selangor
Heartcore Angler,53.17,4.7,Fishing & Hunting,Selangor
Level Up Fitness Xpress BDC (24-Hour Gym),55.67,4.2,Gyms & Studios,Sarawak
FOR U FITNESS,50.14,4.6,Gyms & Studios,Kedah
Kota Damansara Driving Range,51.0,4.0,Golf & Driving Ranges,Selangor
Brader Rosly Island Hopping,49.14,4.4,Water & Aquatic Sports,Kedah
TCE Tackles Sdn Bhd,64.29,4.2,Fishing & Hunting,Johor
Patikang Futsal Club,48.57,4.8,Ball Sports,Sabah
TCE Tackles Sdn Bhd,56.57,4.2,Fishing & Hunting,Johor
X Park Sendayan,24.14,4.4,Recreation Centers,Negeri Sembilan
Infinity Gym Fitness,39.71,4.7,Gyms & Studios,Kedah
OUG Shuttle Bug Sports Centre,22.0,4.1,Other Outdoor & Lawn Sports,Kuala Lumpur
DR Y & S FITNESS CENTRE KK,60.0,4.9,Gyms & Studios,Selangor
Kolam Pancing KMK,60.17,4.2,Fishing & Hunting,Kedah
EXCELL GYM FITNESS CENTER LARKIN IDAMAN,46.83,4.4,Gyms & Studios,Johor
Aurora Studio,66.67,4.7,Gyms & Studios,Selangor
TCE Tackles Sdn Bhd,55.0,4.2,Fishing & Hunting,Sarawak
U-Fitness Gym Centre,50.0,4.6,Gyms & Studios,Johor
BELIEVE FITNESS ATIVO PLAZA,30.86,4.0,Gyms & Studios,Kuala Lumpur
Elements Badminton Court,41.0,4.3,Recreation Centers,Selangor
Gym Story Fitness Centre,39.29,4.7,Gyms & Studios,Johor
Futsal Kg.melayu Subang,22.29,3.9,Ball Sports,Selangor
Fairview Eduresort @ Port Dickson,36.57,3.8,Other Outdoor & Lawn Sports,Negeri Sembilan
TCE Tackles Sdn Bhd,59.86,4.3,Fishing & Hunting,Kedah
Angelus Fitness Metrocity,43.57,4.5,Gyms & Studios,Sarawak
Forum Klang Badminton Centre,29.0,4.5,Other Outdoor & Lawn Sports,Selangor
GoFit - Central i-City Mall,50.57,4.0,Gyms & Studios,Selangor
Mines Driving Range,29.29,3.6,Golf & Driving Ranges,Selangor
Star Gym Health Centre Kuantan,49.29,4.5,Gyms & Studios,Pahang
Lavana 2 Sports Centre (Subang),55.43,4.3,Other Outdoor & Lawn Sports,Selangor
TCE Tackles Sdn Bhd,73.86,3.9,Fishing & Hunting,Kedah
Fitnacle Subang,62.86,4.8,Gyms & Studios,Selangor
"Peak Fitness Citta Mall, Ara Damansara",39.86,4.3,Gyms & Studios,Selangor
Kama'A Rejuvenation & Wellbeing Spa,43.57,4.8,Saunas & Spas,Sabah
Jari Bayu Spa & Reflexology,50.0,4.3,Saunas & Spas,Sabah
RFC Fitness,47.57,4.6,Gyms & Studios,Kuala Lumpur
TCE Tackles Sdn Bhd,59.86,4.4,Fishing & Hunting,Johor
Fitness First Gym - Setia City Mall,42.43,3.8,Gyms & Studios,Selangor
Footballhub @ Twentyfive.7,45.86,4.3,Team Sports & Fields,Selangor
TCE Tackles Sdn Bhd,74.86,4.0,Fishing & Hunting,Sabah
"Hockey Stadium, Universiti Sains Malaysia",36.0,4.5,Team Sports & Fields,Penang
TCE Tackles Sdn Bhd,54.71,4.4,Fishing & Hunting,Sarawak
Futsalhub @ Sunsuria Avenue,29.0,4.1,Recreation Centers,Selangor
Master Badminton Club | MBC | Jalan Kuala Kangsar,45.14,4.4,Other Outdoor & Lawn Sports,Perak
MBPP Relau Sport Complex,63.0,4.4,Recreation Centers,Other
TCE Tackles Sdn Bhd,67.0,4.1,Fishing & Hunting,Negeri Sembilan
TCE Tackles Sdn Bhd,72.14,4.2,Fishing & Hunting,Melaka
TCE Tackles Sdn Bhd,70.14,4.2,Fishing & Hunting,Sabah
TCE Tackles Sdn Bhd,58.71,4.3,Fishing & Hunting,Kedah
TCE Tackles Sdn Bhd,51.71,4.1,Fishing & Hunting,Pahang
KB Futsal Arena,35.43,4.0,Ball Sports,Kelantan
Fitness Star,55.67,4.5,Gyms & Studios,Perak
TCE Tackles Sdn Bhd,59.0,4.3,Fishing & Hunting,Perak
Anytime Fitness Sunway Big Box,29.86,4.8,Gyms & Studios,Johor
Underground Fitness,39.86,4.7,Gyms & Studios,Kuala Lumpur
Hitfat,33.33,4.9,Gyms & Studios,Kelantan
TiJay Sports (TJS) Gymnastics Academy,42.83,5.0,Gyms & Studios,Selangor
Palm Garden Golf Club,50.86,4.3,Golf & Driving Ranges,Putrajaya
Balakong Badminton Sports Center,50.86,4.3,Other Outdoor & Lawn Sports,Selangor
ZM Pro Fishing Shop- menjual peralatan memancing,53.83,4.4,Fishing & Hunting,Other
Proshuttle Balakong Badminton Court,27.14,4.2,Recreation Centers,Selangor
TCE Tackles Sdn Bhd,54.43,3.7,Fishing & Hunting,Kedah
KSL Sports,34.86,4.1,Recreation Centers,Selangor
Pinnacle Fitness,46.5,4.9,Gyms & Studios,Kuala Lumpur
Fitworx Fitness Centre @ Amcorp Mall,38.71,4.0,Gyms & Studios,Selangor
MYSA Futsal & Gym,51.43,4.3,Gyms & Studios,Pahang
Champion Badminton Courts & Pro Shop,52.0,4.5,Other Outdoor & Lawn Sports,Sarawak
TLS Fitness Center Sdn Bhd,40.0,4.6,Gyms & Studios,Selangor
Furious Bootcamp,30.57,4.7,Gyms & Studios,Kuala Lumpur
Level Up Fitness City Mall (Premium 24-Hour Gym),67.86,4.4,Gyms & Studios,Sabah
MST Golf Pelangi Driving Range,61.86,3.8,Golf & Driving Ranges,Johor
Level Up fitness Segamat,45.0,3.6,Gyms & Studios,Johor
Life Hot Yoga @ Mont Kiara,45.57,5.0,Gyms & Studios,Kuala Lumpur
Kedai Pancing Perniagaan Ewatt - Cawangan Jerteh,65.83,4.1,Fishing & Hunting,Terengganu
Champion Futsal Court,36.0,4.3,Ball Sports,Sarawak
Three Brother Ooi Sports Centre,47.43,4.0,Other Outdoor & Lawn Sports,Kedah
JPS TACKLE,65.57,4.2,Fishing & Hunting,Johor
Spacerubix,47.57,4.4,Recreation Centers,Selangor
Seven Star gym Relau,46.14,4.6,Gyms & Studios,Penang
First Traxx Ski Snowboard,42.4,3.8,Gyms & Studios,Selangor
Air Force Recreation Club,63.14,4.2,Golf & Driving Ranges,Selangor
Jump Street Asia (Kuala Lumpur),54.33,4.6,Recreation Centers,Selangor
Level Up Fitness Xpress SkyArena (24-Hour Gym),44.67,4.2,Gyms & Studios,Sabah
Sports Prima Sdn Bhd,36.0,4.2,Ball Sports,Johor
TCE Tackles Sdn Bhd,59.86,4.1,Fishing & Hunting,Melaka
Wela Trading,67.83,4.8,Fishing & Hunting,Kelantan
Prima Badminton Centre,37.86,4.2,Other Outdoor & Lawn Sports,Selangor
TCE Tackles Sdn Bhd,61.86,4.1,Fishing & Hunting,Perak
Youth and Sports Complex of Johor,24.14,4.1,Recreation Centers,Johor
Anytime Fitness Sunway Geo,45.29,3.6,Gyms & Studios,Selangor
FitClub 24-Hour Gym,26.57,4.5,Gyms & Studios,Selangor
MST Golf Outlet Store Kelana Parkview,49.57,3.9,Golf & Driving Ranges,Selangor
Anytime Fitness High Park Suite Kelana Jaya,24.14,4.7,Gyms & Studios,Selangor
Anytime Fitness,29.86,4.1,Gyms & Studios,Selangor
Michael's Badminton Academy @ Port Dickson,43.57,3.7,Other Outdoor & Lawn Sports,Negeri Sembilan
Fitness by Platinum Pro Gym,32.71,4.2,Gyms & Studios,Selangor
XZone Futsal Center,20.29,4.7,Gyms & Studios,Terengganu
TCE Tackles Sdn Bhd,61.14,4.6,Fishing & Hunting,Sarawak
Ruat Derhaka,43.71,4.8,Fishing & Hunting,Johor
Zinc Fishing Tackle Sdn Bhd,62.33,4.5,Fishing & Hunting,Kuala Lumpur
Burning Jack Fitness Studio,27.71,4.5,Gyms & Studios,Selangor
Kolam Pancing Udang RIINFA Hulu Langat,50.83,4.3,Fishing & Hunting,Selangor
SuperPark Malaysia,61.86,4.8,Recreation Centers,Kuala Lumpur
The Iron Gym,34.71,4.0,Gyms & Studios,Selangor
Anytime Fitness Shaftsbury Putrajaya,34.43,4.7,Gyms & Studios,Putrajaya
Setia Alam Badminton Arena,39.71,4.4,Team Sports & Fields,Selangor
Chop Kim Tong Hoe,64.0,4.2,Fishing & Hunting,Selangor
Coliseum Fitness,60.57,4.9,Gyms & Studios,Selangor
"Savage Gears Gym (Taman SEA, PJ)",47.86,4.9,Gyms & Studios,Selangor
High Reps Gym & Fitness,38.17,4.6,Gyms & Studios,Penang
Cobra Gym Express Sg Udang Klang 24 Hour Fitness,44.0,4.4,Gyms & Studios,Selangor
Celebrity Fitness Gym - Bangsar Village 2,56.71,3.8,Gyms & Studios,Kuala Lumpur
Super Sports Badminton,32.29,4.0,Other Outdoor & Lawn Sports,Johor
Futsal Complex Presint 18,38.86,4.2,Recreation Centers,Putrajaya
Fitness First Gym - The Curve,49.14,3.9,Gyms & Studios,Selangor
Tanjong Puteri Golf B/C course,38.29,4.0,Golf & Driving Ranges,Johor
CATS Fitness Gym (CFG),48.29,3.7,Gyms & Studios,Kedah
Ace Tennis Academy (M) Sdn. Bhd.,39.0,4.8,Racquet & Club Sports,Selangor
De X Gym Fitness & Studio,38.29,4.2,Gyms & Studios,Sarawak
Kelab Sosial Dan Rekreasi Lembaga Pelabuhan Kelang,22.14,4.3,Recreation Centers,Selangor
LifenFitness TTDI,33.29,4.9,Gyms & Studios,Kuala Lumpur
Kolam Pancing Udang Harimau GP,70.67,3.9,Recreation Centers,Selangor
FireFit - Batai Village | Fire Station 1,34.71,4.7,Gyms & Studios,Kuala Lumpur
TCE Tackles Sdn Bhd,64.29,4.1,Fishing & Hunting,Pahang
House Of Champions MY,37.86,4.7,Gyms & Studios,Selangor
IGFA Fishing Sports Enterprise,56.17,4.4,Fishing & Hunting,Selangor
Yee Sport Fishing,50.5,4.2,Fishing & Hunting,Selangor
Padang Bola Sepak UiTM Seremban,47.43,4.3,Ball Sports,Negeri Sembilan
TCE Tackles Sdn Bhd,68.86,4.2,Fishing & Hunting,Kedah
Celebrity Fitness Gym - Sunway Pyramid,46.71,3.5,Gyms & Studios,Selangor
Fitness Score 24/7 Gym,26.0,4.8,Gyms & Studios,Selangor
Anytime Fitness PJ33,34.29,3.7,Gyms & Studios,Selangor
Best Bola-Bola Sport Centre,30.43,4.1,Ball Sports,Penang
Maple Gold Recreation Center,41.43,4.1,Recreation Centers,Other
89 Arena Klang,38.14,4.2,Recreation Centers,Other
TCE Tackles Sdn Bhd,58.43,4.3,Fishing & Hunting,Kelantan
R7 Futsal Centre,26.86,4.2,Ball Sports,Perlis
Pusat Bina Bodytalk Gym & Sauna,54.57,3.5,Gyms & Studios,Perak
Siong Fishing Tackle,49.57,4.6,Fishing & Hunting,Selangor
Bubble Sports Complex Cheras,48.86,4.2,Recreation Centers,Selangor
TCE Tackles Sdn Bhd,54.14,4.0,Fishing & Hunting,Terengganu
Seven Star Gym Batu Lancang,24.86,4.9,Gyms & Studios,Penang
Real Fishing Tackle,62.17,4.1,Fishing & Hunting,Pahang
Verticale Malaysia Sdn Bhd,57.0,4.8,Gyms & Studios,Selangor
TCE Tackles Sdn Bhd,66.57,4.5,Fishing & Hunting,Johor
Palm Resort Golf & Country Club,66.0,4.2,Golf & Driving Ranges,Johor
Andalas Sports Complex,38.43,4.1,Recreation Centers,Selangor
Celebrity Fitness Gym - Bukit Rimau,36.57,4.2,Gyms & Studios,Selangor
Kedai Pancing Marang Tackle Ent,49.0,4.4,Fishing & Hunting,Terengganu
KakiGym Kajang,44.5,4.4,Gyms & Studios,Selangor
Olympia Badminton Arena,46.57,4.4,Team Sports & Fields,Sabah
Revelation Republic,50.17,4.8,Gyms & Studios,Selangor
Ranau Borneo Paragliding,59.71,4.7,Recreation Centers,Sabah
Java And Fitness,38.43,4.2,Gyms & Studios,Sarawak
TCE Tackles Sdn Bhd,70.86,4.4,Fishing & Hunting,Negeri Sembilan
Kolam Pancing Udang Galah Batu 8,51.14,4.4,Fishing & Hunting,Kedah
Chendering Futsal,37.43,4.2,Recreation Centers,Pahang
Telok Tongkah Enterprise,52.86,3.9,Fishing & Hunting,Selangor
SS2 Fishing Fever Angler,45.17,4.9,Fishing & Hunting,Selangor
Staffield Country Resort Bhd,65.29,4.1,Golf & Driving Ranges,Negeri Sembilan
Project Rock Climbing Gym,58.71,4.7,Gyms & Studios,Other
KHTP Sports Complex,28.0,4.2,Recreation Centers,Kedah
Usan Trading Company,62.86,4.1,Fishing & Hunting,Selangor
DMS Sports Centre,30.0,4.3,Recreation Centers,Selangor
Hup Lee Fishing Tackle,82.83,4.5,Fishing & Hunting,Johor
Kolam Pancing Syawal,21.0,3.9,Fishing & Hunting,Johor
SRI RAMPAI FISHING TACKLE,64.0,4.4,Fishing & Hunting,Kuala Lumpur
Kemaman Golf Driving Range,49.71,4.0,Golf & Driving Ranges,Terengganu
Pusat Sukan Universiti Malaya,63.2,4.4,Recreation Centers,Kuala Lumpur
Gopi K-Mark Gym,45.67,4.0,Gyms & Studios,Selangor
Club27fitness,22.0,4.5,Gyms & Studios,Johor
KOA FITNESS,30.29,4.9,Gyms & Studios,Kuala Lumpur
Carey Island Golf Club,48.86,4.2,Golf & Driving Ranges,Selangor
Anytime Gym & Fitness,38.43,4.7,Gyms & Studios,Sabah
Scuba Junkie,64.43,4.3,Water & Aquatic Sports,Sabah
TCE Tackles Sdn Bhd,61.71,4.5,Fishing & Hunting,Perak
TCE Tackles Sdn Bhd,64.29,4.4,Fishing & Hunting,Sarawak
Hamdhy & Co.,28.29,4.2,Recreation Centers,Selangor
BKS IYENGAR YOGASHALA,54.29,4.7,Gyms & Studios,Kuala Lumpur
Galacticos de Futsal Ampang,37.43,4.3,Ball Sports,Selangor
Active Hydro Control Sdn Bhd,58.8,4.3,Ball Sports,Selangor
Anytime Fitness Bandar Utama (Centrepoint),30.86,4.5,Gyms & Studios,Selangor
Grand Fitness,39.57,4.2,Gyms & Studios,Penang
DEWAN SERBA GUNA KAMPUNG SRI FAJAR,44.29,4.2,Other Outdoor & Lawn Sports,Pahang
KB | Kwok Bao | 國寶 Badminton Court,39.14,4.3,Other Outdoor & Lawn Sports,Perak
Heng Fishing Tackle,36.83,4.2,Fishing & Hunting,Johor
"Peak Fitness Gurney Plaza, Penang",44.0,4.4,Gyms & Studios,Other
Senwell Fishing Park,41.71,4.4,Fishing & Hunting,Perak
APACS BADMINTON CENTRE,50.29,4.3,Other Outdoor & Lawn Sports,Johor
Ewako MMA,51.29,4.5,Gyms & Studios,Sabah
EZ Blast Gym,45.86,4.2,Gyms & Studios,Kuala Lumpur
TCE Tackles Sdn Bhd,66.29,4.2,Fishing & Hunting,Terengganu
TCE Tackles Sdn Bhd,11.43,4.2,Fishing & Hunting,Selangor
Burly Gym Fitness Centre,44.0,4.6,Gyms & Studios,Johor
关丹建造行武术醒狮团,31.14,4.7,Gyms & Studios,Pahang
TCE Tackles Sdn Bhd,52.71,4.1,Fishing & Hunting,Penang
One Badminton Academy,52.43,4.2,Other Outdoor & Lawn Sports,Kuala Lumpur
Supersharkz Swim School @KotaDamansara,36.83,4.5,Water & Aquatic Sports,Selangor
Tanjong Puteri Golf and Resort,61.57,4.1,Golf & Driving Ranges,Johor
Just in Sports Centre,42.43,4.4,Other Outdoor & Lawn Sports,Johor
Celebrity Fitness Gym - Klang Parade,58.57,3.5,Gyms & Studios,Selangor
Ozone Fitness,29.0,4.9,Gyms & Studios,Selangor
Dynamic Gym & Fitness Centre,47.86,4.3,Gyms & Studios,Sarawak
Arena Jubli bangi,24.57,4.5,Team Sports & Fields,Selangor
D'Star Arena Complex,23.86,3.4,Recreation Centers,Selangor
Journey Indoor Cycling Studio,68.86,4.7,Gyms & Studios,Kuala Lumpur
Sungai Chua Food & Sports Centre,55.86,3.6,Recreation Centers,Selangor
Anytime Fitness Seksyen 9 Shah Alam,32.71,4.6,Gyms & Studios,Selangor
Lavana Sports Centre,50.0,4.2,Recreation Centers,Kuala Lumpur
Hyperflex Fitness,45.29,4.3,Gyms & Studios,Selangor
DO ARENA 163,61.14,4.1,Ball Sports,Kuala Lumpur
The Little Gym of Petaling Jaya,44.67,4.9,Gyms & Studios,Selangor
Kelab Golf Seri Selangor,61.57,4.0,Golf & Driving Ranges,Selangor
Synergy Fitness Puchong,49.57,4.5,Gyms & Studios,Selangor
Kulim Golf & Country Resort,64.29,3.9,Golf & Driving Ranges,Kedah
TCE Tackles Sdn Bhd,49.29,4.1,Fishing & Hunting,Other
Anytime Fitness Nexis,34.57,3.7,Gyms & Studios,Selangor
Kota Seriemas Golf & Country Club,48.71,4.4,Golf & Driving Ranges,Negeri Sembilan
TCE Tackles Bukit Indah,66.71,3.8,Fishing & Hunting,Johor
FLYPROJECT - DC Mall,50.0,4.4,Gyms & Studios,Kuala Lumpur
Fitworx Fitness Centre @ Bukit Jelutong,39.86,4.5,Gyms & Studios,Selangor
Kambiz Warriors Gym,61.43,4.9,Martial Arts & Dojos,Selangor
Angelus Fitness Stapok,51.71,3.9,Gyms & Studios,Sarawak
Ultimate Gym - serious fitness,51.17,4.9,Gyms & Studios,Kuala Lumpur
Borneo Hardcore Gym,54.71,4.2,Gyms & Studios,Sabah
Xin Cheng Enterprise,54.57,4.6,Fishing & Hunting,Sarawak
MST Golf Super Store Subang Jaya,60.0,4.1,Golf & Driving Ranges,Selangor
Enrich Fitness,52.14,4.0,Gyms & Studios,Selangor
Team Powerhouse Fitness,54.43,4.4,Gyms & Studios,Penang
The Little Gym of Subang Jaya,38.8,4.7,Gyms & Studios,Selangor
Bodywork Fitness Centre,33.14,4.4,Gyms & Studios,Perak
Fitwhey Gym Malim,30.0,4.3,Gyms & Studios,Melaka
I-Gym Fitness,56.43,4.3,Gyms & Studios,Sarawak
Nine Three Three Fishing Tackle Shop,65.14,3.9,Fishing & Hunting,Johor
Fishingline Tackle,65.43,4.4,Fishing & Hunting,Johor
Camp5 Climbing Gym Paradigm,55.0,4.7,Gyms & Studios,Johor
Skatepark Bukit Kiara - Jabatan Belia & Sukan WP Kuala Lumpur,52.86,4.3,Skating & Rinks,Kuala Lumpur
Sinamax Badminton Court,26.29,3.9,Other Outdoor & Lawn Sports,Selangor
Sport Line Pro Fishing Shop,64.33,4.3,Fishing & Hunting,Selangor
Vitesse Swim School (Seremban Swimming Lesson),36.29,4.5,Water & Aquatic Sports,Negeri Sembilan
Permata Gym Resources,37.43,4.4,Gyms & Studios,Selangor
52 Forest Sauna & Massage,58.83,3.8,Saunas & Spas,Kuala Lumpur
Kolam Air Panas La ( La Hot Springs),30.71,4.2,Recreation Centers,Terengganu
Celebrity Fitness Gym - Main Place,54.14,4.0,Gyms & Studios,Selangor
Puchong Sport Center,27.71,4.3,Other Outdoor & Lawn Sports,Selangor
The Underdogs Strength & Conditioning,42.5,4.7,Gyms & Studios,Other
Fitness First Gym - IOI Mall Puchong,45.43,3.8,Gyms & Studios,Selangor
The Malacca Club,47.29,4.2,Recreation Centers,Melaka
Bukit Jalil Golf & Country Resort,52.14,3.9,Golf & Driving Ranges,Kuala Lumpur
Moon Fishing Tackle,48.33,4.7,Fishing & Hunting,Selangor
JuaraGym,39.43,4.4,Gyms & Studios,Sabah
TCE Tackles Sdn Bhd,76.57,4.2,Fishing & Hunting,Kelantan
iGP Fitness Centre,24.57,4.2,Gyms & Studios,Johor
FastTrack Gym & Fitness Centre,49.86,4.3,Gyms & Studios,Kuala Lumpur
South Kedah Chinese Recreation Club,28.14,3.8,Recreation Centers,Kedah
Rumah Rakit Pak Itam,21.71,3.9,Fishing & Hunting,Selangor
TCE Tackles Sdn Bhd,65.71,4.0,Fishing & Hunting,Negeri Sembilan
Camp5 Climbing Gym KL Eco City,60.0,4.7,Gyms & Studios,Kuala Lumpur
COLOSSEUM GYM,46.57,4.6,Gyms & Studios,Johor
X Park Sunway South Quay,28.0,4.1,Recreation Centers,Selangor
Fitness Arena,42.83,4.4,Gyms & Studios,Perak
Sunsuria-Pioneer Badminton Hall,41.86,4.0,Other Outdoor & Lawn Sports,Selangor
Nilai Springs Golf & Country Club,73.86,4.0,Golf & Driving Ranges,Negeri Sembilan
Level Up Fitness Xpress Town Square,61.17,4.4,Gyms & Studios,Sarawak
Duta Squash Court,32.71,4.4,Other Outdoor & Lawn Sports,Kuala Lumpur
"Gympark Fitness, Bandar Puteri",38.0,4.8,Gyms & Studios,Selangor
Blue Ice Skating Rink @ Paradigm Mall Johor Bahru,52.0,4.4,Skating & Rinks,Johor
Kompleks Sukan Kota Belud,29.57,3.9,Recreation Centers,Sabah
6 PAX FITNESS CENTRE JB,29.71,4.9,Gyms & Studios,Johor
CHK Arena 赞化阁运动中心,46.71,4.7,Recreation Centers,Other
TCE Tackles Sdn Bhd,52.0,5.0,Fishing & Hunting,Terengganu
Flash Fitness Gym & Sports Centre,48.43,4.9,Gyms & Studios,Melaka
Billion Onsen & Aesthetics - Luxury Spa Kuala Lumpur,26.29,4.7,Saunas & Spas,Kuala Lumpur
"Rahman saudagar umpan Udang, Sotong, & Belanak Hidup",41.57,4.7,Fishing & Hunting,Negeri Sembilan
TCE Tackles Sdn Bhd,44.86,3.7,Fishing & Hunting,Kedah
Anytime Fitness Boulevard Kajang,46.86,4.8,Gyms & Studios,Selangor
24-Hour Gym: Anytime Fitness Bandar Puteri Puchong @ IOI Rio,24.14,4.8,Gyms & Studios,Selangor
F1 FITNESS KUANTAN,55.0,4.8,Gyms & Studios,Pahang
Gym Box - #1 Biggest Gym at Setapak,39.14,4.9,Gyms & Studios,Kuala Lumpur
Utama Farm Prawning,42.71,4.3,Fishing & Hunting,Selangor
Anytime Fitness Sri Damansara,29.43,4.8,Gyms & Studios,Kuala Lumpur
Anytime Fitness Mount Austin,35.29,4.5,Gyms & Studios,Johor
IOI Sports Centre,46.71,3.9,Recreation Centers,Putrajaya
Seriemas SportsPlex,28.71,4.5,Recreation Centers,Negeri Sembilan
Real Fitness,61.43,4.8,Gyms & Studios,Selangor
Blitz Gym,41.71,4.5,Gyms & Studios,Selangor
Icescape,51.71,4.3,Skating & Rinks,Putrajaya
Rumah Rakit Maraie Kg Padang Rumbia,50.71,4.5,Fishing & Hunting,Pahang
Kelab Golf Negara Subang,69.71,4.2,Golf & Driving Ranges,Selangor
Suria Strong Fit Gym,41.0,4.7,Gyms & Studios,Johor
Bubble Sports Complex Tebrau,36.57,4.7,Recreation Centers,Johor
GoFit - Plaza Mont Kiara,43.57,4.4,Gyms & Studios,Kuala Lumpur
Fitness First Gym – 1 Mont Kiara,35.0,3.2,Gyms & Studios,Kuala Lumpur
Good Juju Barbell Club,39.33,4.9,Gyms & Studios,Kuala Lumpur
The One Fitness,60.29,5.0,Gyms & Studios,Kuala Lumpur
Pickle Social Club,41.86,4.6,Other Outdoor & Lawn Sports,Kuala Lumpur
BHub Bouldering,65.14,4.5,Gyms & Studios,Selangor
BUMP Bouldering Pavilion Bukit Jalil,62.57,4.3,Gyms & Studios,Kuala Lumpur
Anytime Fitness Ara Damansara (Dana13),33.0,2.3,Gyms & Studios,Selangor
Anytime Fitness Megah Rise,29.71,3.8,Gyms & Studios,Selangor
Lepak Gym,62.29,5.0,Gyms & Studios,Selangor
Fitnacle Kota Kemuning,55.14,4.9,Gyms & Studios,Selangor
Kampung Gym (Austin),50.29,4.9,Gyms & Studios,Johor
The Flow Studio - Yoga & Pilates | Bangsar,57.71,4.7,Gyms & Studios,Kuala Lumpur
Level Up Fitness Xpress Metrocity (24-Hour Gym),26.43,4.8,Gyms & Studios,Sarawak
GoTeam Sports Complex,19.86,4.2,Recreation Centers,Selangor
Believe Fitness Jaya Shopping Center,23.29,5.0,Gyms & Studios,Selangor
Anytime Fitness Bukit Bintang,41.43,4.6,Gyms & Studios,Kuala Lumpur
Anytime Fitness Jalan Ampang,33.29,4.5,Gyms & Studios,Kuala Lumpur
PUMP FITNESS KL,50.86,4.9,Gyms & Studios,Kuala Lumpur
Maxout Fitness PRO SERIES ( Bukit Mertajam ),52.71,4.8,Gyms & Studios,Other
TNT Fitness Pro,36.57,4.9,Gyms & Studios,Selangor
PUMP FITNESS SUBANG,62.71,5.0,Gyms & Studios,Selangor
"Republic Fitness KK, Centre Point Sabah",66.29,4.9,Gyms & Studios,Sabah
"24-Hour Gym: Anytime Fitness 16 Sierra Puchong, Sierra Fresco.",40.43,4.7,Gyms & Studios,Selangor
Jal Yoga Malaysia (Megah Rise Studio),33.29,4.6,Gyms & Studios,Selangor
The Club Driving Range,47.57,4.1,Golf & Driving Ranges,Selangor
R3 Fitness,42.86,4.3,Gyms & Studios,Johor
TCE Tackles Sdn Bhd,55.43,4.3,Fishing & Hunting,Other
Sion Lee Trading Company,64.0,4.5,Fishing & Hunting,Sarawak
Champion Badminton Court,53.43,4.0,Other Outdoor & Lawn Sports,Selangor
Rainbow Runner Asia Sdn. Bhd,49.4,4.3,Water & Aquatic Sports,Selangor
Shark Fin Swim Academy,26.5,4.6,Recreation Centers,Selangor
Jumpa D'Gym,35.29,5.0,Gyms & Studios,Putrajaya
M SPORTS ARENA,37.86,4.6,Other Outdoor & Lawn Sports,Kuala Lumpur
"LaVista Arena, Bangi Resort Hotel",14.86,4.4,Team Sports & Fields,Selangor
Tops Arena Empire,53.43,4.5,Team Sports & Fields,Kuala Lumpur
Alpha Badminton Complex Bukit Serdang,33.29,4.3,Team Sports & Fields,Selangor
Setapak Badminton Centre,34.57,4.3,Team Sports & Fields,Kuala Lumpur
Optima Utama Sport Center,19.14,3.9,Other Outdoor & Lawn Sports,Selangor
CPS Serdang Badminton Centre,36.0,4.3,Team Sports & Fields,Selangor
Pusat Badminton 148,34.57,4.5,Other Outdoor & Lawn Sports,Pahang
One Tiger Arena,29.71,4.4,Recreation Centers,Selangor
Matrik Shuttle Court,39.29,4.1,Recreation Centers,Kuala Lumpur
Dewan Badminton Cikgu Nie,30.57,4.7,Other Outdoor & Lawn Sports,Kelantan
Satellite Sports Tampoi JB,25.0,4.8,Other Outdoor & Lawn Sports,Johor
TCE Tackles Sdn Bhd,60.0,4.7,Fishing & Hunting,Melaka
Kolam Pancing NSS Fishing Village 渔你同乐,47.43,4.3,Fishing & Hunting,Melaka
1stopfishing Bahau,68.67,4.6,Fishing & Hunting,Negeri Sembilan
TCE Tackles Sdn Bhd,61.71,4.5,Fishing & Hunting,Other
Ultralight Anglers Fishing Tackle,38.71,5.0,Fishing & Hunting,Perak
TCE Tackles Sdn Bhd,51.71,4.4,Fishing & Hunting,Selangor
Umpan udang hidup Kg Keluncur,34.14,5.0,Fishing & Hunting,Kedah
TCE Tackles Sdn Bhd,50.43,4.8,Fishing & Hunting,Kedah
TCE Tackles Sdn Bhd,51.0,4.7,Fishing & Hunting,Kedah
TCE Tackles Sdn Bhd,66.43,4.4,Fishing & Hunting,Sabah
Ha Megah Sports Arena (UNITEN),28.71,4.4,Recreation Centers,Selangor
Kolam Pancing Hari Hari Lai ( 天天来钓虾场),59.43,4.2,Fishing & Hunting,Selangor
DFZ THE GYM,23.43,4.4,Gyms & Studios,Johor
Sweat Sweet Fit Ladies GYM & FITNESS CENTRE (Kulai),33.0,4.7,Gyms & Studios,Johor
Hypertrophy Maniac Gym & Fitness,35.0,4.8,Gyms & Studios,Selangor
Musclehub,38.17,4.7,Gyms & Studios,Selangor
Gym First @ XPark Tambun,43.57,4.6,Gyms & Studios,Perak
Core Fit Gym & Fitness Juru,34.71,4.1,Gyms & Studios,Other
Kyro Fitness Bundusan,41.14,4.8,Gyms & Studios,Sabah
Aisyadelia Cottage Sandakan,42.86,4.1,Recreation Centers,Sabah
Anytime Fitness Setia Alam - The Forum,28.14,3.9,Gyms & Studios,Selangor
Bijak bersatu,30.86,4.0,Recreation Centers,Johor
KTC7 Mini Football Gong Badak,34.86,4.9,Team Sports & Fields,Terengganu
Third Space Pilates - Pulau Tikus,42.0,4.9,Gyms & Studios,Other
Line Pilates & Academy,56.43,4.9,Gyms & Studios,Kuala Lumpur
Kizsports & Gym @ Lotus’s Cheras,38.71,4.7,Recreation Centers,Kuala Lumpur
Kopikids Playcafe,44.57,4.8,Recreation Centers,Kedah
BANGKOK SPA TAMAN SENTOSA,35.0,3.9,Saunas & Spas,Johor
Anson Sport Centre,52.0,4.3,Other Outdoor & Lawn Sports,Perak
Kolam Pancing Udang Puchong 钓虾场 蒲种,43.86,4.1,Fishing & Hunting,Selangor
Gardens Arena,18.86,4.2,Team Sports & Fields,Selangor
Flyproject - (Kapas Heights),54.0,3.9,Gyms & Studios,Kuala Lumpur
MUTANT LAB,33.14,4.8,Gyms & Studios,Kuala Lumpur
Kolam Memancing Udang Harimau Ampangan,57.0,5.0,Fishing & Hunting,Negeri Sembilan
Pusat Memancing & Rekreasi A&A,56.43,3.7,Fishing & Hunting,Johor
Naam Kheung Cheras Badminton Centre,37.86,4.2,Other Outdoor & Lawn Sports,Kuala Lumpur
Fitness First Gym - Avenue K,58.71,4.0,Gyms & Studios,Kuala Lumpur
Kedah Badminton Association,29.0,4.3,Team Sports & Fields,Kedah
TCE Tackles Sdn Bhd,61.29,4.4,Fishing & Hunting,Other
W Fishing Station,45.0,4.6,Fishing & Hunting,Kuala Lumpur
Curves Setia Alam,47.33,5.0,Gyms & Studios,Selangor
Celebrity Fitness Lotus’s Kepong,49.57,3.5,Gyms & Studios,Kuala Lumpur
Manjung Indoor Sports Arena,36.57,4.2,Recreation Centers,Perak
MST Golf Pro Shop Glenmarie GCC,62.86,3.9,Golf & Driving Ranges,Selangor
Hi5 MYY,48.57,4.8,Recreation Centers,Sarawak
Camp5 Climbing Gym,51.71,4.6,Gyms & Studios,Selangor
Sport Complex Grand Kampar,43.57,3.8,Recreation Centers,Perak
Beach Republic,40.14,4.0,Recreation Centers,Sarawak
Echogym Centre,49.86,4.4,Gyms & Studios,Selangor
Kompleks Sukan UNISEL,37.57,4.8,Gyms & Studios,Selangor
Semambu Badminton Centre,57.86,4.1,Recreation Centers,Pahang
Northern Pro Tackle sdn bhd ( sungai petani ),54.29,3.8,Fishing & Hunting,Kedah
UTC Sabah Futsal Court,35.0,4.2,Ball Sports,Sabah
Sports Arena Puchong,42.29,4.1,Recreation Centers,Selangor
Sukan Arena Kuantan,28.57,4.4,Team Sports & Fields,Pahang
VI FITNESS,39.29,4.6,Gyms & Studios,Negeri Sembilan
"Manjung Badminton Club ( Manjung Point, Seri Manjung, Perak )",41.57,4.1,Team Sports & Fields,Perak
Permas Sports Complex,43.29,4.0,Recreation Centers,Johor
TCE Tackles Sdn Bhd,73.43,4.5,Fishing & Hunting,Sabah
Drago Arena Football Field,21.43,4.1,Team Sports & Fields,Melaka
Atlantis Fitness Studio,43.57,5.0,Gyms & Studios,Kuala Lumpur
SJK(C) Sungai Buloh Badminton Centre,43.57,4.7,Team Sports & Fields,Selangor
Epifisherman Boat Charter,35.71,4.7,Fishing & Hunting,Selangor
CPS Rawang Badminton Hall,33.43,3.0,Team Sports & Fields,Selangor
Pickle World,36.43,4.0,Other Outdoor & Lawn Sports,Selangor
Zelka Sports Centre,45.43,3.9,Gyms & Studios,Selangor
Celebrity Fitness Gym - 1 Utama,40.71,3.9,Gyms & Studios,Selangor
KBOUNCE K-Style Spinning Johor (The Superhuman Project Sdn Bhd),41.29,5.0,Gyms & Studios,Johor
24-Hour Gym: Anytime Fitness Quayside Mall Gamuda Kemuning,34.57,4.7,Gyms & Studios,Selangor
Airon Golf Driving Range @ Marina Island Lumut,41.57,5.0,Golf & Driving Ranges,Perak
Kompleks Sukan Bangsar,61.14,4.1,Recreation Centers,Kuala Lumpur
Fitworx Fitness Studio @ Denai Alam,39.14,4.0,Gyms & Studios,Selangor
"Kolam Pancing Udang Harimau Taman Perling, JB.",42.57,4.3,Fishing & Hunting,Johor
Anytime Fitness SqWhere Sungai Buloh,28.86,4.1,Gyms & Studios,Selangor
Gentle Pilates & Prenatal Postnatal Pilates,47.43,5.0,Gyms & Studios,Selangor
PWRHOUSE Fitness Studio @ Hartamas,56.57,4.6,Gyms & Studios,Kuala Lumpur
TRIBE Boxing Studio - Mont Kiara (MK),43.14,4.7,Gyms & Studios,Kuala Lumpur
Futsal Future Sport Centre,22.86,4.0,Recreation Centers,Penang
TCE Tackles Sdn Bhd,66.86,4.2,Fishing & Hunting,Kedah
The Kingdom Fitness,58.0,4.6,Gyms & Studios,Other
Kolam Pancing Seksyen 24,29.0,4.2,Fishing & Hunting,Selangor
FISHING KINGDOM SG BURUNG,51.83,3.6,Fishing & Hunting,Perak
Sports Arena @ UNITEN,37.83,4.6,Recreation Centers,Selangor
Kolam Pancing Fish Garden 2,35.86,5.0,Fishing & Hunting,Selangor
Babel TTDI,43.71,4.6,Gyms & Studios,Kuala Lumpur
TCE Tackles Sdn Bhd,59.0,4.3,Fishing & Hunting,Terengganu
Kidzooona AEON Bukit Mertajam,47.71,4.0,Recreation Centers,Other
Brolab Gym,35.86,5.0,Gyms & Studios,Selangor
Gympark Fitness Pandamaran,39.57,4.6,Gyms & Studios,Selangor
TCE Tackles Sdn Bhd,56.86,4.1,Fishing & Hunting,Kedah
TCE Tackles Sdn Bhd,50.43,4.1,Fishing & Hunting,Pahang
7 DAYS FITNESS KULAI BRANCH,34.0,4.0,Gyms & Studios,Johor
LCS Sport Arena,27.29,4.4,Recreation Centers,Pahang
TCE Tackles Sdn Bhd,70.14,4.3,Fishing & Hunting,Sabah
Celebrity Fitness Gym - NU Sentral,46.71,3.7,Gyms & Studios,Kuala Lumpur
RedLine Gym Kuantan Pahang,56.57,4.1,Gyms & Studios,Pahang
JJ Futsal,51.14,3.8,Ball Sports,Selangor
Anytime Fitness KL Gateway,29.14,4.4,Gyms & Studios,Kuala Lumpur
New Vision Badminton Court,38.57,4.0,Team Sports & Fields,Selangor
Celebrity Fitness Gym - Jaya One,34.57,4.0,Gyms & Studios,Selangor
Sentosa Sports Centre,40.14,4.0,Recreation Centers,Sarawak
TCE Tackles Sdn Bhd,65.86,4.2,Fishing & Hunting,Sarawak
TCE Tackles Sdn Bhd,70.86,4.3,Fishing & Hunting,Kedah
TCE Tackles Sdn Bhd,60.57,4.8,Fishing & Hunting,Terengganu
Ace Sports World @ Rooftop Lotus's Kepong,62.57,4.4,Recreation Centers,Kuala Lumpur
TCE Tackles Sdn Bhd,73.57,4.4,Fishing & Hunting,Selangor
TCE Tackles Sdn Bhd,63.71,3.9,Fishing & Hunting,Selangor
"Brother Gym & Fitness, Kangar, Perlis",53.29,4.6,Gyms & Studios,Perlis
Camp5 Climbing Gym,39.14,4.5,Gyms & Studios,Kuala Lumpur
Kompleks Sukan Setiawangsa,55.86,4.3,Recreation Centers,Kuala Lumpur
Ultimate Mma Academy /Kickboxing /Jiujitsu & Muay Thai,29.71,4.9,Martial Arts & Dojos,Johor
Perling Badminton Court,42.86,4.3,Recreation Centers,Johor
Northern Pro Tackle sdn bhd,53.17,4.2,Fishing & Hunting,Other
Ah Kaw Tackle Taman Cendana Shimano Daiwa Abu Garcia Xzoga Daiichi Gtech Hasamu Fixory dealer,57.43,4.4,Fishing & Hunting,Johor
TAEKWONDO RAWANG HYPERMAX ACADEMY,54.8,4.9,Martial Arts & Dojos,Selangor
Penang Indoor Archery X (Level 6),69.29,4.0,Recreation Centers,Penang
Stadium PUSAT SUKAN UTHM,48.14,4.4,Recreation Centers,Johor
HYPE CLUB FITNESS,38.71,4.8,Gyms & Studios,Selangor
Kolam Pancing Udang Galah Kempas,44.0,4.5,Fishing & Hunting,Johor
Anytime Fitness Tasek Central,32.86,4.8,Gyms & Studios,Johor
Gympark Fitness Jenjarom,27.0,4.0,Gyms & Studios,Selangor
A Ling Tackle,67.33,4.0,Fishing & Hunting,Pahang
Dewan Badminton,57.17,4.0,Other Outdoor & Lawn Sports,Johor
Five X Fitness,43.0,4.4,Gyms & Studios,Penang
Pro One Badminton Centre (Pro One),45.29,4.2,Team Sports & Fields,Johor
Dewan An-Nisa Pondok Labu Kulim,43.43,3.9,Other Outdoor & Lawn Sports,Kedah
Manjung Badminton Arena,53.57,4.3,Other Outdoor & Lawn Sports,Perak
Palacio Centre,47.33,3.8,Saunas & Spas,Johor
Dewan Persatuan Badminton Bumiputra Sarawak,69.43,4.2,Other Outdoor & Lawn Sports,Sarawak
TCE Tackles Sdn Bhd,56.0,4.0,Fishing & Hunting,Negeri Sembilan
PJ Palms Sports Centre (old),55.14,4.2,Recreation Centers,Selangor
Daiman Sri Skudai Sports Center,29.29,4.2,Recreation Centers,Johor
Galaxy FIT Fitness,43.71,4.5,Gyms & Studios,Johor
SILVERMANIA FITNESSGROUND,57.67,4.9,Gyms & Studios,Perak
iFITness & Gym,40.71,4.5,Gyms & Studios,Sarawak
SURIA GYM GROUP SDN BHD & LADY'S GYM,38.43,4.6,Gyms & Studios,Johor
Kelab Golf Sarawak,53.43,4.1,Golf & Driving Ranges,Sarawak
Ulu Bendul Fish Valley,49.67,4.5,Fishing & Hunting,Negeri Sembilan
Kelab Rahman Putra Malaysia,64.86,4.1,Golf & Driving Ranges,Selangor
Dynastic Fitness Centre,38.29,3.9,Gyms & Studios,Perak
Pakalangan Bay,31.86,4.1,Recreation Centers,Sabah
Aurora Muslimah Salon & Spa,38.43,4.7,Saunas & Spas,Selangor
13 Aces starhill driving range,54.14,4.2,Golf & Driving Ranges,Johor
Footballhub @ Rimbayu,22.57,4.2,Team Sports & Fields,Selangor
Black Panda Fitness Kepong,42.86,4.9,Gyms & Studios,Kuala Lumpur
Batu Lanchang Basketball Court,35.43,4.2,Team Sports & Fields,Penang
A zone Baskball Court,60.29,4.0,Other Outdoor & Lawn Sports,Other
Muscle House Fitness Center,45.86,4.6,Gyms & Studios,Melaka
DMS GYM,60.14,4.2,Gyms & Studios,Selangor
Fitness First Gym - Cheras Leisure Mall,72.43,4.0,Gyms & Studios,Kuala Lumpur
TCE Tackles Sdn Bhd,72.0,4.5,Fishing & Hunting,Kedah
Amanjaya Sports Arena,33.14,4.4,Recreation Centers,Kedah
Gaya Garden,36.29,4.6,Recreation Centers,Johor
Dewan Badminton Padang Temusu,19.14,3.9,Other Outdoor & Lawn Sports,Kedah
The Royal Selangor Golf Club,65.86,4.4,Golf & Driving Ranges,Kuala Lumpur
HG Kolam Pancing Ban Pecah,53.5,3.8,Fishing & Hunting,Perak
Ashtanga Yoga Therapy Centre Seremban,33.43,5.0,Gyms & Studios,Negeri Sembilan
Starhill Golf & Country Club,82.0,3.9,Golf & Driving Ranges,Johor
Ranau Rabbit Farm,44.57,3.9,Recreation Centers,Sabah
WOW Fitness TTDI,36.29,4.7,Gyms & Studios,Kuala Lumpur
Kedai Pancing Orchid Tackle,70.14,3.9,Fishing & Hunting,Selangor
Pro One Badminton Court Cheras,19.14,4.2,Other Outdoor & Lawn Sports,Selangor
Peralatan Memancing Ikan Qiao Yen,63.29,4.5,Fishing & Hunting,Selangor
Bolder Ventures Climbing Gym,61.71,4.6,Gyms & Studios,Selangor
World Fitness Gym,49.29,4.3,Gyms & Studios,Penang
Sport Heroes,37.14,4.1,Other Outdoor & Lawn Sports,Selangor
Blue Ice Skating Rink @ Sunway 163 Mall,59.57,3.5,Skating & Rinks,Kuala Lumpur
BB Sport Arena,52.43,4.5,Ball Sports,Other
Fitness First Gym - The Gardens Mall,41.86,3.9,Gyms & Studios,Kuala Lumpur
King Fisher Tackle (kk),73.29,4.6,Fishing & Hunting,Sabah
Iron Man Gym & Fitness,34.43,4.9,Gyms & Studios,Selangor
222 Sports Centre PJ,48.86,4.4,Recreation Centers,Selangor
TRIBE Boxing Studio - Tropicana (TG),50.29,4.6,Gyms & Studios,Selangor
TSI Sports Arena Cyberjaya,48.86,4.2,Recreation Centers,Selangor
The Gym Box,60.17,4.6,Gyms & Studios,Sarawak
Kota Permai Golf & Country Club,76.33,4.3,Golf & Driving Ranges,Selangor
Pusat Refleksologi Tradisional Shu Xin - Mahkota Cheras Branch,56.0,4.2,Saunas & Spas,Selangor
Kolam D'Semarak Air Masin,48.71,4.0,Fishing & Hunting,Selangor
Juara Badminton Arena,44.43,4.3,Team Sports & Fields,Sabah
Dewan Badminton Bandar Lahat Baru,43.71,4.2,Other Outdoor & Lawn Sports,Perak
West Point Gym,43.17,4.0,Gyms & Studios,Selangor
Combine Training,55.17,5.0,Gyms & Studios,Pahang
D' Futsal Center,26.43,4.4,Ball Sports,Perlis
Celebrity Fitness Gym - Dpulze,38.29,3.4,Gyms & Studios,Selangor
BUMP Bouldering Jaya One,52.57,4.6,Gyms & Studios,Selangor
Sport Centre 88,33.14,4.0,Recreation Centers,Selangor
seven star gym block 86,58.29,5.0,Gyms & Studios,Other
HAVONA BADMINTON SPORTS CENTRE,43.43,4.7,Other Outdoor & Lawn Sports,Johor
Legend Futsal Indera Mahkota,29.29,4.2,Ball Sports,Pahang
Bayuemas Cricket Oval,16.71,4.5,Ball Sports,Selangor
Anytime Fitness Setiawangsa,34.43,4.0,Gyms & Studios,Kuala Lumpur
AY Beauty And Spa (Female),71.71,4.9,Saunas & Spas,Other
Mount Kinabalu Golf Club,47.43,4.3,Golf & Driving Ranges,Sabah
Taiping Fishing Tackle,52.17,4.6,Fishing & Hunting,Perak
Kolam Pancing Air Masin Abah23 Paradise Sungai Nibong,39.67,4.4,Fishing & Hunting,Selangor
Langkawi Gym and Fitness,62.71,4.6,Gyms & Studios,Kedah
HIITREBEL TRAINING CLUB,32.14,4.3,Gyms & Studios,Kuala Lumpur
J.C Pro Fitness GYM (Kuchai Lama),34.86,4.6,Gyms & Studios,Kuala Lumpur
Bangi Fishing Tackle,19.17,4.4,Fishing & Hunting,Selangor
Pertama Fishing Shop (Telok Panglima Garang),65.5,4.2,Fishing & Hunting,Selangor
Beats Studio Kuching,30.14,5.0,Gyms & Studios,Sarawak
